Workbook

Sheet Export-dataset
A1: Year | B1: 0 Food and live animals ; | C1: 00 Live animals (excl. fish (not marine mammals) crustaceans, molluscs and aquatic invertebrates of SITC Division 03) ; | D1: 01 Meat and meat preparations ; | E1: 02 Dairy products and birds’ eggs ; | F1: 03 Fish (excl. marine mammals) crustaceans, molluscs and aquatic invertebrates, and preparations thereof (excl. extracts and juices of fish, crustaceans, molluscs or other aquatic invertebrates, prepared or preserved of SITC 01710) ; | G1: 04 Cereals and cereal preparations ; | H1: 05 Vegetables and fruit ; | I1: 06 Sugars, sugar preparations and honey ; | J1: 07 Coffee, tea, cocoa, spices, and manufactures thereof ; | K1: 08 Feeding stuff for animals (excl. unmilled cereals) ; | L1: 09 Miscellaneous edible products and preparations ; | M1: 1 Beverages and tobacco ; | N1: 11 Beverages ; | O1: 12 Tobacco and tobacco manufactures ; | P1: 2 Crude materials, inedible, except fuels ; | Q1: 21 Hides, skins and furskins, raw ; | R1: 22 Oil-seeds and oleaginous fruits ; | S1: 23 Crude rubber (incl. synthetic and reclaimed) ; | T1: 24 Cork and wood ; | U1: 25 Pulp and waste paper ; | V1: 26 Textile fibres (excl. wool tops and other combed wool) and their wastes, not manufactured into yarn or fabric ; | W1: 27 Crude fertilizers (excl. those of Division 56) and crude minerals (excl. coal, petroleum and precious stones) ; | X1: 28 Metalliferous ores and metal scrap ; | Y1: 29 Crude animal and vegetable materials, nes ; | Z1: 3 Mineral fuels, lubricants and related materials ; | AA1: 32 Coal, coke and briquettes ; | AB1: 33 Petroleum, petroleum products and related materials ; | AC1: 34 Gas, natural and manufactured ; | AD1: 4 Animal and vegetable oils, fats and waxes ; | AE1: 41 Animal oils and fats ; | AF1: 42 Fixed vegetable fats and oils, crude, refined or fractionated ; | AG1: 43 Animal or vegetable fats and oils, processed; waxes of animal or vegetable origin; inedible mixtures or preparations of animal or vegetable fats or oils, nes ; | AH1: 5 Chemicals and related products, nes ; | AI1: 51 Organic chemicals ; | AJ1: 52 Inorganic chemicals ; | AK1: 53 Dyeing, tanning and colouring materials ; | AL1: 54 Medicinal and pharmaceutical products ; | AM1: 55 Essential oils and resinoids and perfume materials; toilet, polishing and cleansing preparations ; | AN1: 56 Fertilisers (excl. those of group 272) ; | AO1: 57 Plastics in primary forms ; | AP1: 58 Plastics in non-primary forms ; | AQ1: 59 Chemical materials and products, nes ; | AR1: 6 Manufactured goods classified chiefly by material ; | AS1: 61 Leather, leather manufactures, nes, and dressed furskins ; | AT1: 62 Rubber manufactures, nes ; | AU1: 63 Cork and wood manufactures (excl. furniture) ; | AV1: 64 Paper, paperboard and articles of paper pulp, of paper or of paperboard ; | AW1: 65 Textile yarn, fabrics, made-up articles nes, and related products ; | AX1: 66 Non-metallic mineral manufactures, nes ; | AY1: 67 Iron and steel ; | AZ1: 68 Non-ferrous metals ; | BA1: 69 Manufactures of metals, nes ; | BB1: 7 Machinery and transport equipment ; | BC1: 71 Power generating machinery and equipment ; | BD1: 72 Machinery specialized for particular industries ; | BE1: 73 Metalworking machinery ; | BF1: 74 General industrial machinery and equipment, nes, and machine parts, nes ; | BG1: 75 Office machines and automatic data processing machines ; | BH1: 76 Telecommunications and sound recording and reproducing apparatus and equipment ; | BI1: 77 Electrical machinery, apparatus and appliances, nes, and electrical parts thereof (incl. non electrical counterparts, nes, of electrical household type equipment) ; | BJ1: 78 Road vehicles (incl. air-cushion vehicles) ; | BK1: 79 Transport equipment (excl. road vehicles) ; | BL1: 8 Miscellaneous manufactured articles ; | BM1: 81 Prefabricated buildings and sanitary, plumbing, heating and lighting fixtures and fittings, nes ; | BN1: 82 Furniture and parts thereof; bedding, mattresses, mattress supports, cushions and similar stuffed furnishings ; | BO1: 83 Travel goods, handbags and similar containers ; | BP1: 84 Articles of apparel and clothing accessories ; | BQ1: 85 Footwear ; | BR1: 87 Professional, scientific and controlling instruments and apparatus, nes ; | BS1: 88 Photographic apparatus, equipment and supplies and optical goods, nes; watches and clocks ; | BT1: 89 Miscellaneous manufactured articles, nes ; | BU1: 9 Commodities and transactions not classified elsewhere in the SITC ; | BV1: 93 Special transactions and commodities not classified according to kind ; | BW1: 95 Gold coin whether or not legal tender, and other coin being legal tender ; | BX1: 96 Coin (excl. gold coin) not being legal tender ; | BY1: 97 Gold, non-monetary (excl. gold ores and concentrates) ; | BZ1: 98 Combined confidential items excluding some of SITC 28099 (exports only) and some of SITC 51099 (imports only) ; | CA1: -1 TOTAL ;
A2: Y1988 | B2: 7908 | C2: 322 | D2: 2423 | E2: 529 | F2: 663 | G2: 2071 | H2: 604 | I2: 859 | J2: 68 | K2: 273 | L2: 91 | M2: 273 | N2: 250 | O2: 22 | P2: 13375 | Q2: 614 | R2: 63 | S2: 10 | T2: 439 | U2: 37 | V2: 6270 | W2: 221 | X2: 5595 | Y2: 124 | Z2: 6458 | AA2: 4636 | AB2: 1615 | AC2: 210 | AD2: 145 | AE2: 122 | AF2: 14 | AG2: 10 | AH2: 1041 | AI2: 102 | AJ2: 86 | AK2: 109 | AL2: 229 | AM2: 89 | AN2: 9 | AO2: 157 | AP2: 61 | AQ2: 199 | AR2: 5340 | AS2: 165 | AT2: 72 | AU2: 15 | AV2: 116 | AW2: 148 | AX2: 318 | AY2: 501 | AZ2: 3703 | BA2: 306 | BB2: 2742 | BC2: 366 | BD2: 336 | BE2: 39 | BF2: 322 | BG2: 406 | BH2: 142 | BI2: 280 | BJ2: 392 | BK2: 461 | BL2: 1077 | BM2: 31 | BN2: 36 | BO2: 2 | BP2: 65 | BQ2: 14 | BR2: 196 | BS2: 277 | BT2: 454 | BU2: 4003 | BV2: 156 | BW2: 196 | BX2: 1 | BY2: 2674 | BZ2: 979 | CA2: 42370
A3: Y1989 | B3: 9491 | C3: 244 | D3: 2639 | E3: 682 | F3: 646 | G3: 3205 | H3: 514 | I3: 1128 | J3: 65 | K3: 267 | L3: 97 | M3: 227 | N3: 211 | O3: 17 | P3: 14125 | Q3: 515 | R3: 44 | S3: 14 | T3: 409 | U3: 33 | V3: 5642 | W3: 206 | X3: 7128 | Y3: 133 | Z3: 7232 | AA3: 5314 | AB3: 1660 | AC3: 260 | AD3: 111 | AE3: 100 | AF3: 1 | AG3: 10 | AH3: 1175 | AI3: 90 | AJ3: 117 | AK3: 236 | AL3: 246 | AM3: 92 | AN3: 9 | AO3: 145 | AP3: 57 | AQ3: 182 | AR3: 6062 | AS3: 151 | AT3: 62 | AU3: 13 | AV3: 137 | AW3: 168 | AX3: 447 | AY3: 584 | AZ3: 4153 | BA3: 348 | BB3: 3286 | BC3: 378 | BD3: 382 | BE3: 54 | BF3: 351 | BG3: 480 | BH3: 219 | BI3: 327 | BJ3: 508 | BK3: 587 | BL3: 1261 | BM3: 28 | BN3: 35 | BO3: 3 | BP3: 88 | BQ3: 23 | BR3: 241 | BS3: 250 | BT3: 589 | BU3: 4036 | BV3: 153 | BW3: 205 | BX3: 0 | BY3: 2590 | BZ3: 1087 | CA3: 47007
A4: Y1990 | B4: 9726 | C4: 163 | D4: 3090 | E4: 676 | F4: 676 | G4: 3014 | H4: 581 | I4: 1101 | J4: 82 | K4: 238 | L4: 105 | M4: 285 | N4: 266 | O4: 19 | P4: 13459 | Q4: 528 | R4: 51 | S4: 8 | T4: 402 | U4: 21 | V4: 3939 | W4: 240 | X4: 8113 | Y4: 159 | Z4: 9594 | AA4: 6024 | AB4: 2882 | AC4: 690 | AD4: 131 | AE4: 113 | AF4: 1 | AG4: 12 | AH4: 1295 | AI4: 106 | AJ4: 175 | AK4: 221 | AL4: 293 | AM4: 105 | AN4: 12 | AO4: 136 | AP4: 76 | AQ4: 171 | AR4: 6257 | AS4: 180 | AT4: 67 | AU4: 33 | AV4: 168 | AW4: 196 | AX4: 464 | AY4: 909 | AZ4: 3833 | BA4: 407 | BB4: 4118 | BC4: 490 | BD4: 459 | BE4: 80 | BF4: 430 | BG4: 635 | BH4: 291 | BI4: 413 | BJ4: 736 | BK4: 583 | BL4: 1305 | BM4: 37 | BN4: 42 | BO4: 5 | BP4: 125 | BQ4: 22 | BR4: 252 | BS4: 241 | BT4: 582 | BU4: 4722 | BV4: 186 | BW4: 250 | BX4: 2 | BY4: 3440 | BZ4: 845 | CA4: 50891
A5: Y1991 | B5: 9312 | C5: 182 | D5: 3239 | E5: 793 | F5: 739 | G5: 2411 | H5: 651 | I5: 765 | J5: 92 | K5: 304 | L5: 135 | M5: 332 | N5: 313 | O5: 21 | P5: 13677 | Q5: 346 | R5: 59 | S5: 8 | T5: 461 | U5: 20 | V5: 4371 | W5: 290 | X5: 7955 | Y5: 163 | Z5: 10879 | AA5: 6857 | AB5: 2915 | AC5: 1105 | AD5: 136 | AE5: 117 | AF5: 1 | AG5: 18 | AH5: 1534 | AI5: 106 | AJ5: 253 | AK5: 188 | AL5: 381 | AM5: 125 | AN5: 17 | AO5: 181 | AP5: 82 | AQ5: 198 | AR5: 6480 | AS5: 187 | AT5: 67 | AU5: 50 | AV5: 209 | AW5: 218 | AX5: 556 | AY5: 1027 | AZ5: 3621 | BA5: 549 | BB5: 4867 | BC5: 566 | BD5: 523 | BE5: 79 | BF5: 511 | BG5: 808 | BH5: 317 | BI5: 542 | BJ5: 820 | BK5: 696 | BL5: 1427 | BM5: 38 | BN5: 36 | BO5: 2 | BP5: 142 | BQ5: 30 | BR5: 311 | BS5: 260 | BT5: 604 | BU5: 5072 | BV5: 197 | BW5: 321 | BX5: 0 | BY5: 3702 | BZ5: 854 | CA5: 53721
A6: Y1992 | B6: 10584 | C6: 226 | D6: 3669 | E6: 957 | F6: 913 | G6: 2449 | H6: 825 | I6: 888 | J6: 112 | K6: 405 | L6: 141 | M6: 378 | N6: 355 | O6: 22 | P6: 13495 | Q6: 398 | R6: 61 | S6: 11 | T6: 419 | U6: 9 | V6: 4539 | W6: 328 | X6: 7539 | Y6: 193 | Z6: 11613 | AA6: 7345 | AB6: 3123 | AC6: 1144 | AD6: 157 | AE6: 131 | AF6: 1 | AG6: 22 | AH6: 1818 | AI6: 77 | AJ6: 195 | AK6: 297 | AL6: 517 | AM6: 155 | AN6: 15 | AO6: 192 | AP6: 94 | AQ6: 275 | AR6: 7078 | AS6: 259 | AT6: 98 | AU6: 61 | AV6: 247 | AW6: 268 | AX6: 603 | AY6: 1179 | AZ6: 3816 | BA6: 547 | BB6: 5720 | BC6: 614 | BD6: 629 | BE6: 95 | BF6: 618 | BG6: 904 | BH6: 401 | BI6: 656 | BJ6: 887 | BK6: 917 | BL6: 1778 | BM6: 91 | BN6: 45 | BO6: 4 | BP6: 175 | BQ6: 36 | BR6: 367 | BS6: 338 | BT6: 716 | BU6: 5759 | BV6: 203 | BW6: 289 | BX6: 0 | BY6: 4476 | BZ6: 791 | CA6: 58377
A7: Y1993 | B7: 12440 | C7: 289 | D7: 3958 | E7: 1169 | F7: 1058 | G7: 3102 | H7: 912 | I7: 1210 | J7: 146 | K7: 430 | L7: 161 | M7: 491 | N7: 457 | O7: 35 | P7: 12753 | Q7: 378 | R7: 84 | S7: 10 | T7: 531 | U7: 13 | V7: 3662 | W7: 370 | X7: 7499 | Y7: 206 | Z7: 11977 | AA7: 7798 | AB7: 2964 | AC7: 1221 | AD7: 212 | AE7: 173 | AF7: 2 | AG7: 34 | AH7: 2185 | AI7: 83 | AJ7: 221 | AK7: 354 | AL7: 639 | AM7: 191 | AN7: 14 | AO7: 211 | AP7: 111 | AQ7: 365 | AR7: 7572 | AS7: 327 | AT7: 117 | AU7: 88 | AV7: 253 | AW7: 355 | AX7: 580 | AY7: 1380 | AZ7: 3895 | BA7: 580 | BB7: 7019 | BC7: 624 | BD7: 801 | BE7: 97 | BF7: 817 | BG7: 1169 | BH7: 436 | BI7: 886 | BJ7: 1096 | BK7: 1094 | BL7: 1998 | BM7: 46 | BN7: 75 | BO7: 10 | BP7: 222 | BQ7: 52 | BR7: 388 | BS7: 445 | BT7: 762 | BU7: 6091 | BV7: 295 | BW7: 222 | BX7: 0 | BY7: 4683 | BZ7: 893 | CA7: 62739
A8: Y1994 | B8: 13395 | C8: 359 | D8: 3799 | E8: 1423 | F8: 1092 | G8: 3340 | H8: 926 | I8: 1672 | J8: 173 | K8: 403 | L8: 207 | M8: 532 | N8: 493 | O8: 38 | P8: 13074 | Q8: 452 | R8: 128 | S8: 12 | T8: 531 | U8: 27 | V8: 4287 | W8: 352 | X8: 7074 | Y8: 211 | Z8: 10675 | AA8: 6750 | AB8: 2705 | AC8: 1216 | AD8: 226 | AE8: 184 | AF8: 7 | AG8: 32 | AH8: 2468 | AI8: 85 | AJ8: 277 | AK8: 372 | AL8: 729 | AM8: 235 | AN8: 23 | AO8: 209 | AP8: 123 | AQ8: 414 | AR8: 8287 | AS8: 426 | AT8: 126 | AU8: 89 | AV8: 253 | AW8: 417 | AX8: 787 | AY8: 1505 | AZ8: 3994 | BA8: 683 | BB8: 7602 | BC8: 602 | BD8: 806 | BE8: 120 | BF8: 935 | BG8: 1509 | BH8: 689 | BI8: 1088 | BJ8: 1014 | BK8: 843 | BL8: 2233 | BM8: 48 | BN8: 75 | BO8: 13 | BP8: 288 | BQ8: 56 | BR8: 444 | BS8: 483 | BT8: 828 | BU8: 6287 | BV8: 381 | BW8: 246 | BX8: 0 | BY8: 4671 | BZ8: 983 | CA8: 64775
A9: Y1995 | B9: 13073 | C9: 576 | D9: 3539 | E9: 1495 | F9: 1160 | G9: 2689 | H9: 921 | I9: 1877 | J9: 181 | K9: 412 | L9: 223 | M9: 581 | N9: 542 | O9: 43 | P9: 14643 | Q9: 492 | R9: 122 | S9: 13 | T9: 647 | U9: 47 | V9: 4404 | W9: 427 | X9: 8270 | Y9: 225 | Z9: 11976 | AA9: 7433 | AB9: 3029 | AC9: 1518 | AD9: 256 | AE9: 216 | AF9: 2 | AG9: 38 | AH9: 2909 | AI9: 80 | AJ9: 356 | AK9: 425 | AL9: 834 | AM9: 279 | AN9: 29 | AO9: 340 | AP9: 159 | AQ9: 406 | AR9: 9789 | AS9: 504 | AT9: 151 | AU9: 103 | AV9: 280 | AW9: 518 | AX9: 680 | AY9: 1767 | AZ9: 5094 | BA9: 694 | BB9: 9163 | BC9: 799 | BD9: 1063 | BE9: 142 | BF9: 1015 | BG9: 1753 | BH9: 689 | BI9: 1359 | BJ9: 1126 | BK9: 1218 | BL9: 2495 | BM9: 65 | BN9: 86 | BO9: 12 | BP9: 302 | BQ9: 63 | BR9: 469 | BS9: 530 | BT9: 969 | BU9: 6785 | BV9: 424 | BW9: 163 | BX9: 0 | BY9: 5263 | BZ9: 935 | CA9: 71670
A10: Y1996 | B10: 15805 | C10: 659 | D10: 2892 | E10: 1760 | F10: 1050 | G10: 5761 | H10: 1084 | I10: 1649 | J10: 196 | K10: 500 | L10: 253 | M10: 738 | N10: 677 | O10: 63 | P10: 15021 | Q10: 496 | R10: 218 | S10: 12 | T10: 621 | U10: 14 | V10: 4285 | W10: 384 | X10: 8771 | Y10: 222 | Z10: 13002 | AA10: 7818 | AB10: 3508 | AC10: 1676 | AD10: 236 | AE10: 194 | AF10: 10 | AG10: 33 | AH10: 3000 | AI10: 91 | AJ10: 333 | AK10: 420 | AL10: 942 | AM10: 300 | AN10: 23 | AO10: 299 | AP10: 153 | AQ10: 440 | AR10: 9426 | AS10: 471 | AT10: 159 | AU10: 109 | AV10: 343 | AW10: 566 | AX10: 770 | AY10: 1623 | AZ10: 4619 | BA10: 769 | BB10: 9959 | BC10: 878 | BD10: 1089 | BE10: 200 | BF10: 1219 | BG10: 1781 | BH10: 655 | BI10: 1347 | BJ10: 1538 | BK10: 1248 | BL10: 2812 | BM10: 85 | BN10: 99 | BO10: 14 | BP10: 339 | BQ10: 64 | BR10: 596 | BS10: 578 | BT10: 1038 | BU10: 6988 | BV10: 508 | BW10: 126 | BX10: 0 | BY10: 5236 | BZ10: 1117 | CA10: 76982
A11: Y1997 | B11: 17201 | C11: 743 | D11: 3442 | E11: 1834 | F11: 1203 | G11: 6042 | H11: 1156 | I11: 1723 | J11: 193 | K11: 558 | L11: 303 | M11: 892 | N11: 835 | O11: 55 | P11: 17144 | Q11: 546 | R11: 255 | S11: 11 | T11: 683 | U11: 19 | V11: 5225 | W11: 383 | X11: 9801 | Y11: 227 | Z11: 14968 | AA11: 8821 | AB11: 4102 | AC11: 2043 | AD11: 270 | AE11: 196 | AF11: 30 | AG11: 44 | AH11: 3216 | AI11: 143 | AJ11: 328 | AK11: 439 | AL11: 1058 | AM11: 298 | AN11: 21 | AO11: 318 | AP11: 162 | AQ11: 446 | AR11: 9917 | AS11: 510 | AT11: 163 | AU11: 107 | AV11: 416 | AW11: 626 | AX11: 783 | AY11: 1666 | AZ11: 4897 | BA11: 749 | BB11: 11323 | BC11: 1035 | BD11: 1189 | BE11: 221 | BF11: 1146 | BG11: 1674 | BH11: 987 | BI11: 1262 | BJ11: 1869 | BK11: 1931 | BL11: 3054 | BM11: 87 | BN11: 97 | BO11: 14 | BP11: 376 | BQ11: 59 | BR11: 710 | BS11: 665 | BT11: 1043 | BU11: 6807 | BV11: 530 | BW11: 128 | BX11: 1 | BY11: 4923 | BZ11: 1220 | CA11: 84790
A12: Y1998 | B12: 15156 | C12: 567 | D12: 3911 | E12: 2142 | F12: 1178 | G12: 5017 | H12: 1135 | I12: 180 | J12: 176 | K12: 545 | L12: 301 | M12: 1156 | N12: 1084 | O12: 70 | P12: 17909 | Q12: 510 | R12: 452 | S12: 10 | T12: 699 | U12: 22 | V12: 4503 | W12: 449 | X12: 11015 | Y12: 248 | Z12: 15077 | AA12: 9849 | AB12: 3374 | AC12: 1855 | AD12: 385 | AE12: 265 | AF12: 70 | AG12: 50 | AH12: 3387 | AI12: 139 | AJ12: 316 | AK12: 525 | AL12: 1225 | AM12: 283 | AN12: 32 | AO12: 237 | AP12: 164 | AQ12: 467 | AR12: 10423 | AS12: 497 | AT12: 169 | AU12: 104 | AV12: 421 | AW12: 593 | AX12: 698 | AY12: 1826 | AZ12: 5418 | BA12: 702 | BB12: 10654 | BC12: 808 | BD12: 1365 | BE12: 181 | BF12: 1034 | BG12: 1565 | BH12: 862 | BI12: 1277 | BJ12: 1863 | BK12: 1701 | BL12: 3342 | BM12: 85 | BN12: 98 | BO12: 12 | BP12: 365 | BQ12: 62 | BR12: 872 | BS12: 671 | BT12: 1180 | BU12: 11495 | BV12: 766 | BW12: 135 | BX12: 2 | BY12: 7642 | BZ12: 2948 | CA12: 88987
A13: Y1999 | B13: 15876 | C13: 698 | D13: 4163 | E13: 2209 | F13: 1387 | G13: 4882 | H13: 1192 | I13: 164 | J13: 213 | K13: 626 | L13: 344 | M13: 1402 | N13: 1345 | O13: 57 | P13: 16667 | Q13: 343 | R13: 777 | S13: 13 | T13: 698 | U13: 30 | V13: 3972 | W13: 415 | X13: 10164 | Y13: 257 | Z13: 14464 | AA13: 8406 | AB13: 4174 | AC13: 1880 | AD13: 324 | AE13: 226 | AF13: 51 | AG13: 51 | AH13: 3854 | AI13: 159 | AJ13: 380 | AK13: 524 | AL13: 1481 | AM13: 334 | AN13: 31 | AO13: 232 | AP13: 178 | AQ13: 536 | AR13: 10678 | AS13: 430 | AT13: 180 | AU13: 138 | AV13: 470 | AW13: 604 | AX13: 868 | AY13: 1362 | AZ13: 5974 | BA13: 658 | BB13: 10987 | BC13: 793 | BD13: 1096 | BE13: 197 | BF13: 1029 | BG13: 1405 | BH13: 906 | BI13: 1298 | BJ13: 2441 | BK13: 1823 | BL13: 3624 | BM13: 77 | BN13: 127 | BO13: 12 | BP13: 331 | BQ13: 63 | BR13: 1004 | BS13: 784 | BT13: 1220 | BU13: 9016 | BV13: 1807 | BW13: 98 | BX13: 8 | BY13: 4810 | BZ13: 2295 | CA13: 86893
... A38: Y2024 | B38: 52718 | C38: 1114 | D38: 21379 | E38: 3437 | F38: 1227 | G38: 13754 | H38: 7127 | I38: 299 | J38: 549 | K38: 1578 | L38: 2257 | M38: 3187 | N38: 3167 | O38: 20 | P38: 179557 | Q38: 534 | R38: 5001 | S38: 20 | T38: 1435 | U38: 243 | V38: 6501 | W38: 5157 | X38: 160031 | Y38: 637 | Z38: 171431 | AA38: 85981 | AB38: 15733 | AC38: 69718 | AD38: 1400 | AE38: 866 | AF38: 417 | AG38: 118 | AH38: 12289 | AI38: 215 | AJ38: 948 | AK38: 1163 | AL38: 5388 | AM38: 1709 | AN38: 437 | AO38: 295 | AP38: 412 | AQ38: 1724 | AR38: 20559 | AS38: 112 | AT38: 333 | AU38: 98 | AV38: 894 | AW38: 392 | AX38: 591 | AY38: 1328 | AZ38: 15335 | BA38: 1478 | BB38: 20549 | BC38: 1380 | BD38: 2355 | BE38: 287 | BF38: 3128 | BG38: 1582 | BH38: 2928 | BI38: 3233 | BJ38: 2281 | BK38: 3381 | BL38: 11000 | BM38: 193 | BN38: 170 | BO38: 178 | BP38: 774 | BQ38: 191 | BR38: 4087 | BS38: 611 | BT38: 4795 | BU38: 45165 | BV38: 566 | BW38: 1340 | BX38: 23 | BY38: 35703 | BZ38: 7534 | CA38: 517857
A39: Y2025 | B39: 0 Food and live animals ; | C39: 00 Live animals (excl. fish (not marine mammals) crustaceans, molluscs and aquatic invertebrates of SITC Division 03) ; | D39: 01 Meat and meat preparations ; | E39: 02 Dairy products and birds’ eggs ; | F39: 03 Fish (excl. marine mammals) crustaceans, molluscs and aquatic invertebrates, and preparations thereof (excl. extracts and juices of fish, crustaceans, molluscs or other aquatic invertebrates, prepared or preserved of SITC 01710) ; | G39: 04 Cereals and cereal preparations ; | H39: 05 Vegetables and fruit ; | I39: 06 Sugars, sugar preparations and honey ; | J39: 07 Coffee, tea, cocoa, spices, and manufactures thereof ; | K39: 08 Feeding stuff for animals (excl. unmilled cereals) ; | L39: 09 Miscellaneous edible products and preparations ; | M39: 1 Beverages and tobacco ; | N39: 11 Beverages ; | O39: 12 Tobacco and tobacco manufactures ; | P39: 2 Crude materials, inedible, except fuels ; | Q39: 21 Hides, skins and furskins, raw ; | R39: 22 Oil-seeds and oleaginous fruits ; | S39: 23 Crude rubber (incl. synthetic and reclaimed) ; | T39: 24 Cork and wood ; | U39: 25 Pulp and waste paper ; | V39: 26 Textile fibres (excl. wool tops and other combed wool) and their wastes, not manufactured into yarn or fabric ; | W39: 27 Crude fertilizers (excl. those of Division 56) and crude minerals (excl. coal, petroleum and precious stones) ; | X39: 28 Metalliferous ores and metal scrap ; | Y39: 29 Crude animal and vegetable materials, nes ; | Z39: 3 Mineral fuels, lubricants and related materials ; | AA39: 32 Coal, coke and briquettes ; | AB39: 33 Petroleum, petroleum products and related materials ; | AC39: 34 Gas, natural and manufactured ; | AD39: 4 Animal and vegetable oils, fats and waxes ; | AE39: 41 Animal oils and fats ; | AF39: 42 Fixed vegetable fats and oils, crude, refined or fractionated ; | AG39: 43 Animal or vegetable fats and oils, processed; waxes of animal or vegetable origin; inedible mixtures or preparations of animal or vegetable fats or oils, nes ; | AH39: 5 Chemicals and related products, nes ; | AI39: 51 Organic chemicals ; | AJ39: 52 Inorganic chemicals ; | AK39: 53 Dyeing, tanning and colouring materials ; | AL39: 54 Medicinal and pharmaceutical products ; | AM39: 55 Essential oils and resinoids and perfume materials; toilet, polishing and cleansing preparations ; | AN39: 56 Fertilisers (excl. those of group 272) ; | AO39: 57 Plastics in primary forms ; | AP39: 58 Plastics in non-primary forms ; | AQ39: 59 Chemical materials and products, nes ; | AR39: 6 Manufactured goods classified chiefly by material ; | AS39: 61 Leather, leather manufactures, nes, and dressed furskins ; | AT39: 62 Rubber manufactures, nes ; | AU39: 63 Cork and wood manufactures (excl. furniture) ; | AV39: 64 Paper, paperboard and articles of paper pulp, of paper or of paperboard ; | AW39: 65 Textile yarn, fabrics, made-up articles nes, and related products ; | AX39: 66 Non-metallic mineral manufactures, nes ; | AY39: 67 Iron and steel ; | AZ39: 68 Non-ferrous metals ; | BA39: 69 Manufactures of metals, nes ; | BB39: 7 Machinery and transport equipment ; | BC39: 71 Power generating machinery and equipment ; | BD39: 72 Machinery specialized for particular industries ; | BE39: 73 Metalworking machinery ; | BF39: 74 General industrial machinery and equipment, nes, and machine parts, nes ; | BG39: 75 Office machines and automatic data processing machines ; | BH39: 76 Telecommunications and sound recording and reproducing apparatus and equipment ; | BI39: 77 Electrical machinery, apparatus and appliances, nes, and electrical parts thereof (incl. non electrical counterparts, nes, of electrical household type equipment) ; | BJ39: 78 Road vehicles (incl. air-cushion vehicles) ; | BK39: 79 Transport equipment (excl. road vehicles) ; | BL39: 8 Miscellaneous manufactured articles ; | BM39: 81 Prefabricated buildings and sanitary, plumbing, heating and lighting fixtures and fittings, nes ; | BN39: 82 Furniture and parts thereof; bedding, mattresses, mattress supports, cushions and similar stuffed furnishings ; | BO39: 83 Travel goods, handbags and similar containers ; | BP39: 84 Articles of apparel and clothing accessories ; | BQ39: 85 Footwear ; | BR39: 87 Professional, scientific and controlling instruments and apparatus, nes ; | BS39: 88 Photographic apparatus, equipment and supplies and optical goods, nes; watches and clocks ; | BT39: 89 Miscellaneous manufactured articles, nes ; | BU39: 9 Commodities and transactions not classified elsewhere in the SITC ; | BV39: 93 Special transactions and commodities not classified according to kind ; | BW39: 95 Gold coin whether or not legal tender, and other coin being legal tender ; | BX39: 96 Coin (excl. gold coin) not being legal tender ; | BY39: 97 Gold, non-monetary (excl. gold ores and concentrates) ; | BZ39: 98 Combined confidential items excluding some of SITC 28099 (exports only) and some of SITC 51099 (imports only) ; | CA39: -1 TOTAL ;
A40: Y2026 | B40: =(B2/CA2)*100 -> 18.664149 | C40: =(C2/B2)*100 -> 4.071826 | D40: =(D2/B2)*100 -> 30.639858 | E40: =(E2/B2)*100 -> 6.6894284 | F40: =(F2/B2)*100 -> 8.383915 | G40: =(G2/B2)*100 -> 26.18867 | H40: =(H2/B2)*100 -> 7.6378351 | I40: =(I2/B2)*100 -> 10.862418 | J40: =(J2/B2)*100 -> 0.85988872 | K40: =(K2/B2)*100 -> 3.4522003 | L40: =(L2/B2)*100 -> 1.1507334 | M40: =(M2/CA2)*100 -> 0.64432381 | N40: =(N2/M2)*100 -> 91.575092 | O40: =(O2/M2)*100 -> 8.0586081 | P40: =(P2/CA2)*100 -> 31.567147 | Q40: =(Q2/P2)*100 -> 4.5906542 | R40: =(R2/P2)*100 -> 0.47102804 | S40: =(S2/P2)*100 -> 0.074766355 | T40: =(T2/P2)*100 -> 3.282243 | U40: =(U2/P2)*100 -> 0.27663551 | V40: =(V2/P2)*100 -> 46.878505 | W40: =(W2/P2)*100 -> 1.6523364 | X40: =(X2/P2)*100 -> 41.831776 | Y40: =(Y2/P2)*100 -> 0.9271028 | Z40: =(Z2/CA2)*100 -> 15.241916 | AA40: =(AA2/Z2)*100 -> 71.786931 | AB40: =(AB2/Z2)*100 -> 25.007742 | AC40: =(AC2/Z2)*100 -> 3.2517807 | AD40: =(AD2/CA2)*100 -> 0.34222327 | AE40: =(AE2/AD2)*100 -> 84.137931 | AF40: =(AF2/AD2)*100 -> 9.6551724 | AG40: =(AG2/AD2)*100 -> 6.8965517 | AH40: =(AH2/CA2)*100 -> 2.4569271 | AI40: =(AI2/AH2)*100 -> 9.7982709 | AJ40: =(AJ2/AH2)*100 -> 8.2612872 | AK40: =(AK2/AH2)*100 -> 10.470701 | AL40: =(AL2/AH2)*100 -> 21.998079 | AM40: =(AM2/AH2)*100 -> 8.5494717 | AN40: =(AN2/AH2)*100 -> 0.86455331 | AO40: =(AO2/AH2)*100 -> 15.081652 | AP40: =(AP2/AH2)*100 -> 5.8597502 | AQ40: =(AQ2/AH2)*100 -> 19.116234 | AR40: =(AR2/CA2)*100 -> 12.603257 | AS40: =(AS2/AR2)*100 -> 3.0898876 | AT40: =(AT2/AR2)*100 -> 1.3483146 | AU40: =(AU2/AR2)*100 -> 0.28089888 | AV40: =(AV2/AR2)*100 -> 2.1722846 | AW40: =(AW2/AR2)*100 -> 2.7715356 | AX40: =(AX2/AR2)*100 -> 5.9550562 | AY40: =(AY2/AR2)*100 -> 9.3820225 | AZ40: =(AZ2/AR2)*100 -> 69.344569 | BA40: =(BA2/AR2)*100 -> 5.7303371 | BB40: =(BB2/CA2)*100 -> 6.4715601 | BC40: =(BC2/BB2)*100 -> 13.347921 | BD40: =(BD2/BB2)*100 -> 12.253829 | BE40: =(BE2/BB2)*100 -> 1.4223195 | BF40: =(BF2/BB2)*100 -> 11.743253 | BG40: =(BG2/BB2)*100 -> 14.80671 | BH40: =(BH2/BB2)*100 -> 5.1787017 | BI40: =(BI2/BB2)*100 -> 10.211524 | BJ40: =(BJ2/BB2)*100 -> 14.296134 | BK40: =(BK2/BB2)*100 -> 16.812546 | BL40: =(BL2/CA2)*100 -> 2.5418928 | BM40: =(BM2/BL2)*100 -> 2.8783658 | BN40: =(BN2/BL2)*100 -> 3.3426184 | BO40: =(BO2/BL2)*100 -> 0.18570102 | BP40: =(BP2/BL2)*100 -> 6.0352832 | BQ40: =(BQ2/BL2)*100 -> 1.2999071 | BR40: =(BR2/BL2)*100 -> 18.1987 | BS40: =(BS2/BL2)*100 -> 25.719591 | BT40: =(BT2/BL2)*100 -> 42.154132 | BU40: =(BU2/CA2)*100 -> 9.4477224 | BV40: =(BV2/BU2)*100 -> 3.8970772 | BW40: =(BW2/BU2)*100 -> 4.8963278 | BX40: =(BX2/BU2)*100 -> 0.024981264 | BY40: =(BY2/BU2)*100 -> 66.7999 | BZ40: =(BZ2/BU2)*100 -> 24.456658
A41: Y2027 | B41: =(B3/CA3)*100 -> 20.19061 | C41: =(C3/B3)*100 -> 2.5708566 | D41: =(D3/B3)*100 -> 27.805289 | E41: =(E3/B3)*100 -> 7.1857549 | F41: =(F3/B3)*100 -> 6.8064482 | G41: =(G3/B3)*100 -> 33.768834 | H41: =(H3/B3)*100 -> 5.4156569 | I41: =(I3/B3)*100 -> 11.884944 | J41: =(J3/B3)*100 -> 0.68485934 | K41: =(K3/B3)*100 -> 2.8131914 | L41: =(L3/B3)*100 -> 1.0220209 | M41: =(M3/CA3)*100 -> 0.4829068 | N41: =(N3/M3)*100 -> 92.951542 | O41: =(O3/M3)*100 -> 7.4889868 | P41: =(P3/CA3)*100 -> 30.048716 | Q41: =(Q3/P3)*100 -> 3.6460177 | R41: =(R3/P3)*100 -> 0.31150442 | S41: =(S3/P3)*100 -> 0.099115044 | T41: =(T3/P3)*100 -> 2.8955752 | U41: =(U3/P3)*100 -> 0.23362832 | V41: =(V3/P3)*100 -> 39.943363 | W41: =(W3/P3)*100 -> 1.4584071 | X41: =(X3/P3)*100 -> 50.463717 | Y41: =(Y3/P3)*100 -> 0.94159292 | Z41: =(Z3/CA3)*100 -> 15.384943 | AA41: =(AA3/Z3)*100 -> 73.478982 | AB41: =(AB3/Z3)*100 -> 22.95354 | AC41: =(AC3/Z3)*100 -> 3.5951327 | AD41: =(AD3/CA3)*100 -> 0.23613504 | AE41: =(AE3/AD3)*100 -> 90.09009 | AF41: =(AF3/AD3)*100 -> 0.9009009 | AG41: =(AG3/AD3)*100 -> 9.009009 | AH41: =(AH3/CA3)*100 -> 2.4996277 | AI41: =(AI3/AH3)*100 -> 7.6595745 | AJ41: =(AJ3/AH3)*100 -> 9.9574468 | AK41: =(AK3/AH3)*100 -> 20.085106 | AL41: =(AL3/AH3)*100 -> 20.93617 | AM41: =(AM3/AH3)*100 -> 7.8297872 | AN41: =(AN3/AH3)*100 -> 0.76595745 | AO41: =(AO3/AH3)*100 -> 12.340426 | AP41: =(AP3/AH3)*100 -> 4.8510638 | AQ41: =(AQ3/AH3)*100 -> 15.489362 | AR41: =(AR3/CA3)*100 -> 12.895952 | AS41: =(AS3/AR3)*100 -> 2.4909271 | AT41: =(AT3/AR3)*100 -> 1.0227648 | AU41: =(AU3/AR3)*100 -> 0.21445068 | AV41: =(AV3/AR3)*100 -> 2.2599802 | AW41: =(AW3/AR3)*100 -> 2.7713626 | AX41: =(AX3/AR3)*100 -> 7.373804 | AY41: =(AY3/AR3)*100 -> 9.6337842 | AZ41: =(AZ3/AR3)*100 -> 68.508743 | BA41: =(BA3/AR3)*100 -> 5.7406796 | BB41: =(BB3/CA3)*100 -> 6.9904482 | BC41: =(BC3/BB3)*100 -> 11.503348 | BD41: =(BD3/BB3)*100 -> 11.625076 | BE41: =(BE3/BB3)*100 -> 1.6433354 | BF41: =(BF3/BB3)*100 -> 10.68168 | BG41: =(BG3/BB3)*100 -> 14.607425 | BH41: =(BH3/BB3)*100 -> 6.6646379 | BI41: =(BI3/BB3)*100 -> 9.9513086 | BJ41: =(BJ3/BB3)*100 -> 15.459525 | BK41: =(BK3/BB3)*100 -> 17.863664 | BL41: =(BL3/CA3)*100 -> 2.6825792 | BM41: =(BM3/BL3)*100 -> 2.22046 | BN41: =(BN3/BL3)*100 -> 2.7755749 | BO41: =(BO3/BL3)*100 -> 0.23790642 | BP41: =(BP3/BL3)*100 -> 6.9785884 | BQ41: =(BQ3/BL3)*100 -> 1.8239492 | BR41: =(BR3/BL3)*100 -> 19.111816 | BS41: =(BS3/BL3)*100 -> 19.825535 | BT41: =(BT3/BL3)*100 -> 46.708961 | BU41: =(BU3/CA3)*100 -> 8.5859553 | BV41: =(BV3/BU3)*100 -> 3.7908821 | BW41: =(BW3/BU3)*100 -> 5.0792864 | BX41: =(BX3/BU3)*100 -> 0 | BY41: =(BY3/BU3)*100 -> 64.172448 | BZ41: =(BZ3/BU3)*100 -> 26.932607
A42: Y2028 | B42: =(B4/CA4)*100 -> 19.111434 | C42: =(C4/B4)*100 -> 1.6759202 | D42: =(D4/B4)*100 -> 31.770512 | E42: =(E4/B4)*100 -> 6.9504421 | F42: =(F4/B4)*100 -> 6.9504421 | G42: =(G4/B4)*100 -> 30.989101 | H42: =(H4/B4)*100 -> 5.9736788 | I42: =(I4/B4)*100 -> 11.320173 | J42: =(J4/B4)*100 -> 0.84310097 | K42: =(K4/B4)*100 -> 2.4470491 | L42: =(L4/B4)*100 -> 1.0795805 | M42: =(M4/CA4)*100 -> 0.56002044 | N42: =(N4/M4)*100 -> 93.333333 | O42: =(O4/M4)*100 -> 6.6666667 | P42: =(P4/CA4)*100 -> 26.446719 | Q42: =(Q4/P4)*100 -> 3.9230255 | R42: =(R4/P4)*100 -> 0.3789286 | S42: =(S4/P4)*100 -> 0.05943978 | T42: =(T4/P4)*100 -> 2.9868489 | U42: =(U4/P4)*100 -> 0.15602942 | V42: =(V4/P4)*100 -> 29.266662 | W42: =(W4/P4)*100 -> 1.7831934 | X42: =(X4/P4)*100 -> 60.279367 | Y42: =(Y4/P4)*100 -> 1.1813656 | Z42: =(Z4/CA4)*100 -> 18.852056 | AA42: =(AA4/Z4)*100 -> 62.789243 | AB42: =(AB4/Z4)*100 -> 30.039608 | AC42: =(AC4/Z4)*100 -> 7.191995 | AD42: =(AD4/CA4)*100 -> 0.2574129 | AE42: =(AE4/AD4)*100 -> 86.259542 | AF42: =(AF4/AD4)*100 -> 0.76335878 | AG42: =(AG4/AD4)*100 -> 9.1603053 | AH42: =(AH4/CA4)*100 -> 2.5446543 | AI42: =(AI4/AH4)*100 -> 8.1853282 | AJ42: =(AJ4/AH4)*100 -> 13.513514 | AK42: =(AK4/AH4)*100 -> 17.065637 | AL42: =(AL4/AH4)*100 -> 22.625483 | AM42: =(AM4/AH4)*100 -> 8.1081081 | AN42: =(AN4/AH4)*100 -> 0.92664093 | AO42: =(AO4/AH4)*100 -> 10.501931 | AP42: =(AP4/AH4)*100 -> 5.8687259 | AQ42: =(AQ4/AH4)*100 -> 13.204633 | AR42: =(AR4/CA4)*100 -> 12.294905 | AS42: =(AS4/AR4)*100 -> 2.876778 | AT42: =(AT4/AR4)*100 -> 1.0708007 | AU42: =(AU4/AR4)*100 -> 0.5274093 | AV42: =(AV4/AR4)*100 -> 2.6849928 | AW42: =(AW4/AR4)*100 -> 3.1324916 | AX42: =(AX4/AR4)*100 -> 7.4156944 | AY42: =(AY4/AR4)*100 -> 14.527729 | AZ42: =(AZ4/AR4)*100 -> 61.259389 | BA42: =(BA4/AR4)*100 -> 6.5047147 | BB42: =(BB4/CA4)*100 -> 8.0918041 | BC42: =(BC4/BB4)*100 -> 11.89898 | BD42: =(BD4/BB4)*100 -> 11.146187 | BE42: =(BE4/BB4)*100 -> 1.9426906 | BF42: =(BF4/BB4)*100 -> 10.441962 | BG42: =(BG4/BB4)*100 -> 15.420107 | BH42: =(BH4/BB4)*100 -> 7.0665372 | BI42: =(BI4/BB4)*100 -> 10.02914 | BJ42: =(BJ4/BB4)*100 -> 17.872754 | BK42: =(BK4/BB4)*100 -> 14.157358 | BL42: =(BL4/CA4)*100 -> 2.5643041 | BM42: =(BM4/BL4)*100 -> 2.835249 | BN42: =(BN4/BL4)*100 -> 3.2183908 | BO42: =(BO4/BL4)*100 -> 0.38314176 | BP42: =(BP4/BL4)*100 -> 9.5785441 | BQ42: =(BQ4/BL4)*100 -> 1.6858238 | BR42: =(BR4/BL4)*100 -> 19.310345 | BS42: =(BS4/BL4)*100 -> 18.467433 | BT42: =(BT4/BL4)*100 -> 44.597701 | BU42: =(BU4/CA4)*100 -> 9.2786544 | BV42: =(BV4/BU4)*100 -> 3.9390089 | BW42: =(BW4/BU4)*100 -> 5.2943668 | BX42: =(BX4/BU4)*100 -> 0.042354934 | BY42: =(BY4/BU4)*100 -> 72.850487 | BZ42: =(BZ4/BU4)*100 -> 17.89496
A43: Y2029 | B43: =(B5/CA5)*100 -> 17.334003 | C43: =(C5/B5)*100 -> 1.9544674 | D43: =(D5/B5)*100 -> 34.783076 | E43: =(E5/B5)*100 -> 8.5158935 | F43: =(F5/B5)*100 -> 7.9359966 | G43: =(G5/B5)*100 -> 25.891323 | H43: =(H5/B5)*100 -> 6.9909794 | I43: =(I5/B5)*100 -> 8.2152062 | J43: =(J5/B5)*100 -> 0.98797251 | K43: =(K5/B5)*100 -> 3.2646048 | L43: =(L5/B5)*100 -> 1.4497423 | M43: =(M5/CA5)*100 -> 0.61800786 | N43: =(N5/M5)*100 -> 94.277108 | O43: =(O5/M5)*100 -> 6.3253012 | P43: =(P5/CA5)*100 -> 25.459318 | Q43: =(Q5/P5)*100 -> 2.5297945 | R43: =(R5/P5)*100 -> 0.43138115 | S43: =(S5/P5)*100 -> 0.058492359 | T43: =(T5/P5)*100 -> 3.3706222 | U43: =(U5/P5)*100 -> 0.1462309 | V43: =(V5/P5)*100 -> 31.958763 | W43: =(W5/P5)*100 -> 2.120348 | X43: =(X5/P5)*100 -> 58.16334 | Y43: =(Y5/P5)*100 -> 1.1917818 | Z43: =(Z5/CA5)*100 -> 20.250926 | AA43: =(AA5/Z5)*100 -> 63.02969 | AB43: =(AB5/Z5)*100 -> 26.794742 | AC43: =(AC5/Z5)*100 -> 10.157184 | AD43: =(AD5/CA5)*100 -> 0.25315984 | AE43: =(AE5/AD5)*100 -> 86.029412 | AF43: =(AF5/AD5)*100 -> 0.73529412 | AG43: =(AG5/AD5)*100 -> 13.235294 | AH43: =(AH5/CA5)*100 -> 2.8554941 | AI43: =(AI5/AH5)*100 -> 6.9100391 | AJ43: =(AJ5/AH5)*100 -> 16.492829 | AK43: =(AK5/AH5)*100 -> 12.255541 | AL43: =(AL5/AH5)*100 -> 24.837027 | AM43: =(AM5/AH5)*100 -> 8.148631 | AN43: =(AN5/AH5)*100 -> 1.1082138 | AO43: =(AO5/AH5)*100 -> 11.799218 | AP43: =(AP5/AH5)*100 -> 5.345502 | AQ43: =(AQ5/AH5)*100 -> 12.907432 | AR43: =(AR5/CA5)*100 -> 12.062322 | AS43: =(AS5/AR5)*100 -> 2.8858025 | AT43: =(AT5/AR5)*100 -> 1.0339506 | AU43: =(AU5/AR5)*100 -> 0.77160494 | AV43: =(AV5/AR5)*100 -> 3.2253086 | AW43: =(AW5/AR5)*100 -> 3.3641975 | AX43: =(AX5/AR5)*100 -> 8.5802469 | AY43: =(AY5/AR5)*100 -> 15.848765 | AZ43: =(AZ5/AR5)*100 -> 55.87963 | BA43: =(BA5/AR5)*100 -> 8.4722222 | BB43: =(BB5/CA5)*100 -> 9.0597718 | BC43: =(BC5/BB5)*100 -> 11.62934 | BD43: =(BD5/BB5)*100 -> 10.745839 | BE43: =(BE5/BB5)*100 -> 1.6231765 | BF43: =(BF5/BB5)*100 -> 10.499281 | BG43: =(BG5/BB5)*100 -> 16.601603 | BH43: =(BH5/BB5)*100 -> 6.5132525 | BI43: =(BI5/BB5)*100 -> 11.136224 | BJ43: =(BJ5/BB5)*100 -> 16.848161 | BK43: =(BK5/BB5)*100 -> 14.30039 | BL43: =(BL5/CA5)*100 -> 2.6563169 | BM43: =(BM5/BL5)*100 -> 2.6629292 | BN43: =(BN5/BL5)*100 -> 2.5227751 | BO43: =(BO5/BL5)*100 -> 0.14015417 | BP43: =(BP5/BL5)*100 -> 9.950946 | BQ43: =(BQ5/BL5)*100 -> 2.1023125 | BR43: =(BR5/BL5)*100 -> 21.793973 | BS43: =(BS5/BL5)*100 -> 18.220042 | BT43: =(BT5/BL5)*100 -> 42.326559 | BU43: =(BU5/CA5)*100 -> 9.441373 | BV43: =(BV5/BU5)*100 -> 3.8840694 | BW43: =(BW5/BU5)*100 -> 6.3288644 | BX43: =(BX5/BU5)*100 -> 0 | BY43: =(BY5/BU5)*100 -> 72.988959 | BZ43: =(BZ5/BU5)*100 -> 16.837539
A44: Y2030 | B44: =(B6/CA6)*100 -> 18.130428 | C44: =(C6/B6)*100 -> 2.1352986 | D44: =(D6/B6)*100 -> 34.665533 | E44: =(E6/B6)*100 -> 9.0419501 | F44: =(F6/B6)*100 -> 8.6262283 | G44: =(G6/B6)*100 -> 23.1387 | H44: =(H6/B6)*100 -> 7.7947846 | I44: =(I6/B6)*100 -> 8.3900227 | J44: =(J6/B6)*100 -> 1.0582011 | K44: =(K6/B6)*100 -> 3.8265306 | L44: =(L6/B6)*100 -> 1.3321995 | M44: =(M6/CA6)*100 -> 0.64751529 | N44: =(N6/M6)*100 -> 93.915344 | O44: =(O6/M6)*100 -> 5.8201058 | P44: =(P6/CA6)*100 -> 23.116981 | Q44: =(Q6/P6)*100 -> 2.9492405 | R44: =(R6/P6)*100 -> 0.45201927 | S44: =(S6/P6)*100 -> 0.081511671 | T44: =(T6/P6)*100 -> 3.1048536 | U44: =(U6/P6)*100 -> 0.066691367 | V44: =(V6/P6)*100 -> 33.63468 | W44: =(W6/P6)*100 -> 2.4305298 | X44: =(X6/P6)*100 -> 55.865135 | Y44: =(Y6/P6)*100 -> 1.4301593 | Z44: =(Z6/CA6)*100 -> 19.893109 | AA44: =(AA6/Z6)*100 -> 63.248084 | AB44: =(AB6/Z6)*100 -> 26.892276 | AC44: =(AC6/Z6)*100 -> 9.851029 | AD44: =(AD6/CA6)*100 -> 0.26894154 | AE44: =(AE6/AD6)*100 -> 83.43949 | AF44: =(AF6/AD6)*100 -> 0.63694268 | AG44: =(AG6/AD6)*100 -> 14.012739 | AH44: =(AH6/CA6)*100 -> 3.1142402 | AI44: =(AI6/AH6)*100 -> 4.2354235 | AJ44: =(AJ6/AH6)*100 -> 10.726073 | AK44: =(AK6/AH6)*100 -> 16.336634 | AL44: =(AL6/AH6)*100 -> 28.437844 | AM44: =(AM6/AH6)*100 -> 8.5258526 | AN44: =(AN6/AH6)*100 -> 0.82508251 | AO44: =(AO6/AH6)*100 -> 10.561056 | AP44: =(AP6/AH6)*100 -> 5.1705171 | AQ44: =(AQ6/AH6)*100 -> 15.126513 | AR44: =(AR6/CA6)*100 -> 12.124638 | AS44: =(AS6/AR6)*100 -> 3.6592258 | AT44: =(AT6/AR6)*100 -> 1.3845719 | AU44: =(AU6/AR6)*100 -> 0.86182537 | AV44: =(AV6/AR6)*100 -> 3.4896864 | AW44: =(AW6/AR6)*100 -> 3.7863803 | AX44: =(AX6/AR6)*100 -> 8.5193558 | AY44: =(AY6/AR6)*100 -> 16.657248 | AZ44: =(AZ6/AR6)*100 -> 53.913535 | BA44: =(BA6/AR6)*100 -> 7.7281718 | BB44: =(BB6/CA6)*100 -> 9.7983795 | BC44: =(BC6/BB6)*100 -> 10.734266 | BD44: =(BD6/BB6)*100 -> 10.996503 | BE44: =(BE6/BB6)*100 -> 1.6608392 | BF44: =(BF6/BB6)*100 -> 10.804196 | BG44: =(BG6/BB6)*100 -> 15.804196 | BH44: =(BH6/BB6)*100 -> 7.0104895 | BI44: =(BI6/BB6)*100 -> 11.468531 | BJ44: =(BJ6/BB6)*100 -> 15.506993 | BK44: =(BK6/BB6)*100 -> 16.031469 | BL44: =(BL6/CA6)*100 -> 3.0457201 | BM44: =(BM6/BL6)*100 -> 5.1181102 | BN44: =(BN6/BL6)*100 -> 2.5309336 | BO44: =(BO6/BL6)*100 -> 0.22497188 | BP44: =(BP6/BL6)*100 -> 9.8425197 | BQ44: =(BQ6/BL6)*100 -> 2.0247469 | BR44: =(BR6/BL6)*100 -> 20.64117 | BS44: =(BS6/BL6)*100 -> 19.010124 | BT44: =(BT6/BL6)*100 -> 40.269966 | BU44: =(BU6/CA6)*100 -> 9.8651866 | BV44: =(BV6/BU6)*100 -> 3.5249175 | BW44: =(BW6/BU6)*100 -> 5.0182323 | BX44: =(BX6/BU6)*100 -> 0 | BY44: =(BY6/BU6)*100 -> 77.721827 | BZ44: =(BZ6/BU6)*100 -> 13.735023
A45: Y2031 | B45: =(B7/CA7)*100 -> 19.828177 | C45: =(C7/B7)*100 -> 2.3231511 | D45: =(D7/B7)*100 -> 31.81672 | E45: =(E7/B7)*100 -> 9.3971061 | F45: =(F7/B7)*100 -> 8.5048232 | G45: =(G7/B7)*100 -> 24.935691 | H45: =(H7/B7)*100 -> 7.3311897 | I45: =(I7/B7)*100 -> 9.7266881 | J45: =(J7/B7)*100 -> 1.1736334 | K45: =(K7/B7)*100 -> 3.4565916 | L45: =(L7/B7)*100 -> 1.2942122 | M45: =(M7/CA7)*100 -> 0.78260731 | N45: =(N7/M7)*100 -> 93.075356 | O45: =(O7/M7)*100 -> 7.1283096 | P45: =(P7/CA7)*100 -> 20.327069 | Q45: =(Q7/P7)*100 -> 2.9640085 | R45: =(R7/P7)*100 -> 0.65866855 | S45: =(S7/P7)*100 -> 0.078412922 | T45: =(T7/P7)*100 -> 4.1637262 | U45: =(U7/P7)*100 -> 0.1019368 | V45: =(V7/P7)*100 -> 28.714812 | W45: =(W7/P7)*100 -> 2.9012781 | X45: =(X7/P7)*100 -> 58.801851 | Y45: =(Y7/P7)*100 -> 1.6153062 | Z45: =(Z7/CA7)*100 -> 19.090199 | AA45: =(AA7/Z7)*100 -> 65.108124 | AB45: =(AB7/Z7)*100 -> 24.747433 | AC45: =(AC7/Z7)*100 -> 10.19454 | AD45: =(AD7/CA7)*100 -> 0.33790784 | AE45: =(AE7/AD7)*100 -> 81.603774 | AF45: =(AF7/AD7)*100 -> 0.94339623 | AG45: =(AG7/AD7)*100 -> 16.037736 | AH45: =(AH7/CA7)*100 -> 3.4826822 | AI45: =(AI7/AH7)*100 -> 3.798627 | AJ45: =(AJ7/AH7)*100 -> 10.114416 | AK45: =(AK7/AH7)*100 -> 16.201373 | AL45: =(AL7/AH7)*100 -> 29.244851 | AM45: =(AM7/AH7)*100 -> 8.7414188 | AN45: =(AN7/AH7)*100 -> 0.64073227 | AO45: =(AO7/AH7)*100 -> 9.6567506 | AP45: =(AP7/AH7)*100 -> 5.0800915 | AQ45: =(AQ7/AH7)*100 -> 16.704805 | AR45: =(AR7/CA7)*100 -> 12.069048 | AS45: =(AS7/AR7)*100 -> 4.318542 | AT45: =(AT7/AR7)*100 -> 1.5451664 | AU45: =(AU7/AR7)*100 -> 1.1621764 | AV45: =(AV7/AR7)*100 -> 3.3412573 | AW45: =(AW7/AR7)*100 -> 4.6883254 | AX45: =(AX7/AR7)*100 -> 7.6597993 | AY45: =(AY7/AR7)*100 -> 18.22504 | AZ45: =(AZ7/AR7)*100 -> 51.439514 | BA45: =(BA7/AR7)*100 -> 7.6597993 | BB45: =(BB7/CA7)*100 -> 11.187619 | BC45: =(BC7/BB7)*100 -> 8.8901553 | BD45: =(BD7/BB7)*100 -> 11.411882 | BE45: =(BE7/BB7)*100 -> 1.3819632 | BF45: =(BF7/BB7)*100 -> 11.639835 | BG45: =(BG7/BB7)*100 -> 16.654794 | BH45: =(BH7/BB7)*100 -> 6.2117111 | BI45: =(BI7/BB7)*100 -> 12.622881 | BJ45: =(BJ7/BB7)*100 -> 15.61476 | BK45: =(BK7/BB7)*100 -> 15.586266 | BL45: =(BL7/CA7)*100 -> 3.184622 | BM45: =(BM7/BL7)*100 -> 2.3023023 | BN45: =(BN7/BL7)*100 -> 3.7537538 | BO45: =(BO7/BL7)*100 -> 0.5005005 | BP45: =(BP7/BL7)*100 -> 11.111111 | BQ45: =(BQ7/BL7)*100 -> 2.6026026 | BR45: =(BR7/BL7)*100 -> 19.419419 | BS45: =(BS7/BL7)*100 -> 22.272272 | BT45: =(BT7/BL7)*100 -> 38.138138 | BU45: =(BU7/CA7)*100 -> 9.7084748 | BV45: =(BV7/BU7)*100 -> 4.8432113 | BW45: =(BW7/BU7)*100 -> 3.6447217 | BX45: =(BX7/BU7)*100 -> 0 | BY45: =(BY7/BU7)*100 -> 76.883927 | BZ45: =(BZ7/BU7)*100 -> 14.660975
A46: Y2032 | B46: =(B8/CA8)*100 -> 20.679274 | C46: =(C8/B8)*100 -> 2.6801045 | D46: =(D8/B8)*100 -> 28.361329 | E46: =(E8/B8)*100 -> 10.623367 | F46: =(F8/B8)*100 -> 8.1522956 | G46: =(G8/B8)*100 -> 24.934677 | H46: =(H8/B8)*100 -> 6.9130272 | I46: =(I8/B8)*100 -> 12.48227 | J46: =(J8/B8)*100 -> 1.2915267 | K46: =(K8/B8)*100 -> 3.0085853 | L46: =(L8/B8)*100 -> 1.5453527 | M46: =(M8/CA8)*100 -> 0.82130452 | N46: =(N8/M8)*100 -> 92.669173 | O46: =(O8/M8)*100 -> 7.1428571 | P46: =(P8/CA8)*100 -> 20.183713 | Q46: =(Q8/P8)*100 -> 3.4572434 | R46: =(R8/P8)*100 -> 0.97904237 | S46: =(S8/P8)*100 -> 0.091785223 | T46: =(T8/P8)*100 -> 4.0614961 | U46: =(U8/P8)*100 -> 0.20651675 | V46: =(V8/P8)*100 -> 32.790271 | W46: =(W8/P8)*100 -> 2.6923665 | X46: =(X8/P8)*100 -> 54.107389 | Y46: =(Y8/P8)*100 -> 1.6138902 | Z46: =(Z8/CA8)*100 -> 16.480124 | AA46: =(AA8/Z8)*100 -> 63.23185 | AB46: =(AB8/Z8)*100 -> 25.339578 | AC46: =(AC8/Z8)*100 -> 11.391101 | AD46: =(AD8/CA8)*100 -> 0.34890004 | AE46: =(AE8/AD8)*100 -> 81.415929 | AF46: =(AF8/AD8)*100 -> 3.0973451 | AG46: =(AG8/AD8)*100 -> 14.159292 | AH46: =(AH8/CA8)*100 -> 3.8101119 | AI46: =(AI8/AH8)*100 -> 3.4440843 | AJ46: =(AJ8/AH8)*100 -> 11.223663 | AK46: =(AK8/AH8)*100 -> 15.072934 | AL46: =(AL8/AH8)*100 -> 29.538088 | AM46: =(AM8/AH8)*100 -> 9.5218801 | AN46: =(AN8/AH8)*100 -> 0.93192869 | AO46: =(AO8/AH8)*100 -> 8.4683955 | AP46: =(AP8/AH8)*100 -> 4.9837925 | AQ46: =(AQ8/AH8)*100 -> 16.774716 | AR46: =(AR8/CA8)*100 -> 12.793516 | AS46: =(AS8/AR8)*100 -> 5.1405816 | AT46: =(AT8/AR8)*100 -> 1.5204537 | AU46: =(AU8/AR8)*100 -> 1.0739713 | AV46: =(AV8/AR8)*100 -> 3.0529745 | AW46: =(AW8/AR8)*100 -> 5.0319778 | AX46: =(AX8/AR8)*100 -> 9.4968022 | AY46: =(AY8/AR8)*100 -> 18.160975 | AZ46: =(AZ8/AR8)*100 -> 48.19597 | BA46: =(BA8/AR8)*100 -> 8.2418245 | BB46: =(BB8/CA8)*100 -> 11.736009 | BC46: =(BC8/BB8)*100 -> 7.9189687 | BD46: =(BD8/BB8)*100 -> 10.602473 | BE46: =(BE8/BB8)*100 -> 1.578532 | BF46: =(BF8/BB8)*100 -> 12.299395 | BG46: =(BG8/BB8)*100 -> 19.850039 | BH46: =(BH8/BB8)*100 -> 9.0634044 | BI46: =(BI8/BB8)*100 -> 14.312023 | BJ46: =(BJ8/BB8)*100 -> 13.338595 | BK46: =(BK8/BB8)*100 -> 11.089187 | BL46: =(BL8/CA8)*100 -> 3.4473176 | BM46: =(BM8/BL8)*100 -> 2.1495746 | BN46: =(BN8/BL8)*100 -> 3.3587103 | BO46: =(BO8/BL8)*100 -> 0.58217644 | BP46: =(BP8/BL8)*100 -> 12.897447 | BQ46: =(BQ8/BL8)*100 -> 2.507837 | BR46: =(BR8/BL8)*100 -> 19.883565 | BS46: =(BS8/BL8)*100 -> 21.630094 | BT46: =(BT8/BL8)*100 -> 37.080161 | BU46: =(BU8/CA8)*100 -> 9.7059051 | BV46: =(BV8/BU8)*100 -> 6.0601241 | BW46: =(BW8/BU8)*100 -> 3.912836 | BX46: =(BX8/BU8)*100 -> 0 | BY46: =(BY8/BU8)*100 -> 74.296167 | BZ46: =(BZ8/BU8)*100 -> 15.635438
A47: Y2033 | B47: =(B9/CA9)*100 -> 18.240547 | C47: =(C9/B9)*100 -> 4.4060277 | D47: =(D9/B9)*100 -> 27.071062 | E47: =(E9/B9)*100 -> 11.435784 | F47: =(F9/B9)*100 -> 8.8732502 | G47: =(G9/B9)*100 -> 20.569112 | H47: =(H9/B9)*100 -> 7.0450547 | I47: =(I9/B9)*100 -> 14.357837 | J47: =(J9/B9)*100 -> 1.384533 | K47: =(K9/B9)*100 -> 3.1515337 | L47: =(L9/B9)*100 -> 1.7058059 | M47: =(M9/CA9)*100 -> 0.81065997 | N47: =(N9/M9)*100 -> 93.287435 | O47: =(O9/M9)*100 -> 7.4010327 | P47: =(P9/CA9)*100 -> 20.431143 | Q47: =(Q9/P9)*100 -> 3.3599672 | R47: =(R9/P9)*100 -> 0.8331626 | S47: =(S9/P9)*100 -> 0.088779622 | T47: =(T9/P9)*100 -> 4.4184935 | U47: =(U9/P9)*100 -> 0.32097248 | V47: =(V9/P9)*100 -> 30.075804 | W47: =(W9/P9)*100 -> 2.9160691 | X47: =(X9/P9)*100 -> 56.477498 | Y47: =(Y9/P9)*100 -> 1.5365704 | Z47: =(Z9/CA9)*100 -> 16.70992 | AA47: =(AA9/Z9)*100 -> 62.065798 | AB47: =(AB9/Z9)*100 -> 25.292251 | AC47: =(AC9/Z9)*100 -> 12.675351 | AD47: =(AD9/CA9)*100 -> 0.35719269 | AE47: =(AE9/AD9)*100 -> 84.375 | AF47: =(AF9/AD9)*100 -> 0.78125 | AG47: =(AG9/AD9)*100 -> 14.84375 | AH47: =(AH9/CA9)*100 -> 4.058881 | AI47: =(AI9/AH9)*100 -> 2.7500859 | AJ47: =(AJ9/AH9)*100 -> 12.237882 | AK47: =(AK9/AH9)*100 -> 14.609832 | AL47: =(AL9/AH9)*100 -> 28.669646 | AM47: =(AM9/AH9)*100 -> 9.5909247 | AN47: =(AN9/AH9)*100 -> 0.99690615 | AO47: =(AO9/AH9)*100 -> 11.687865 | AP47: =(AP9/AH9)*100 -> 5.4657958 | AQ47: =(AQ9/AH9)*100 -> 13.956686 | AR47: =(AR9/CA9)*100 -> 13.658434 | AS47: =(AS9/AR9)*100 -> 5.1486362 | AT47: =(AT9/AR9)*100 -> 1.5425478 | AU47: =(AU9/AR9)*100 -> 1.0522015 | AV47: =(AV9/AR9)*100 -> 2.8603535 | AW47: =(AW9/AR9)*100 -> 5.2916539 | AX47: =(AX9/AR9)*100 -> 6.9465727 | AY47: =(AY9/AR9)*100 -> 18.050873 | AZ47: =(AZ9/AR9)*100 -> 52.038002 | BA47: =(BA9/AR9)*100 -> 7.0895904 | BB47: =(BB9/CA9)*100 -> 12.784987 | BC47: =(BC9/BB9)*100 -> 8.7198516 | BD47: =(BD9/BB9)*100 -> 11.601004 | BE47: =(BE9/BB9)*100 -> 1.5497108 | BF47: =(BF9/BB9)*100 -> 11.077158 | BG47: =(BG9/BB9)*100 -> 19.131289 | BH47: =(BH9/BB9)*100 -> 7.5193714 | BI47: =(BI9/BB9)*100 -> 14.831387 | BJ47: =(BJ9/BB9)*100 -> 12.288552 | BK47: =(BK9/BB9)*100 -> 13.29259 | BL47: =(BL9/CA9)*100 -> 3.4812334 | BM47: =(BM9/BL9)*100 -> 2.6052104 | BN47: =(BN9/BL9)*100 -> 3.4468938 | BO47: =(BO9/BL9)*100 -> 0.48096192 | BP47: =(BP9/BL9)*100 -> 12.104208 | BQ47: =(BQ9/BL9)*100 -> 2.5250501 | BR47: =(BR9/BL9)*100 -> 18.797595 | BS47: =(BS9/BL9)*100 -> 21.242485 | BT47: =(BT9/BL9)*100 -> 38.837675 | BU47: =(BU9/CA9)*100 -> 9.4670015 | BV47: =(BV9/BU9)*100 -> 6.2490789 | BW47: =(BW9/BU9)*100 -> 2.4023581 | BX47: =(BX9/BU9)*100 -> 0 | BY47: =(BY9/BU9)*100 -> 77.568165 | BZ47: =(BZ9/BU9)*100 -> 13.780398
A48: Y2034 | B48: =(B10/CA10)*100 -> 20.530773 | C48: =(C10/B10)*100 -> 4.1695666 | D48: =(D10/B10)*100 -> 18.298007 | E48: =(E10/B10)*100 -> 11.135717 | F48: =(F10/B10)*100 -> 6.6434673 | G48: =(G10/B10)*100 -> 36.45049 | H48: =(H10/B10)*100 -> 6.8585891 | I48: =(I10/B10)*100 -> 10.433407 | J48: =(J10/B10)*100 -> 1.2401139 | K48: =(K10/B10)*100 -> 3.1635558 | L48: =(L10/B10)*100 -> 1.6007593 | M48: =(M10/CA10)*100 -> 0.95866566 | N48: =(N10/M10)*100 -> 91.734417 | O48: =(O10/M10)*100 -> 8.5365854 | P48: =(P10/CA10)*100 -> 19.512354 | Q48: =(Q10/P10)*100 -> 3.3020438 | R48: =(R10/P10)*100 -> 1.4513015 | S48: =(S10/P10)*100 -> 0.079888157 | T48: =(T10/P10)*100 -> 4.1342121 | U48: =(U10/P10)*100 -> 0.093202849 | V48: =(V10/P10)*100 -> 28.526729 | W48: =(W10/P10)*100 -> 2.556421 | X48: =(X10/P10)*100 -> 58.391585 | Y48: =(Y10/P10)*100 -> 1.4779309 | Z48: =(Z10/CA10)*100 -> 16.889663 | AA48: =(AA10/Z10)*100 -> 60.129211 | AB48: =(AB10/Z10)*100 -> 26.980465 | AC48: =(AC10/Z10)*100 -> 12.890325 | AD48: =(AD10/CA10)*100 -> 0.30656517 | AE48: =(AE10/AD10)*100 -> 82.20339 | AF48: =(AF10/AD10)*100 -> 4.2372881 | AG48: =(AG10/AD10)*100 -> 13.983051 | AH48: =(AH10/CA10)*100 -> 3.8970149 | AI48: =(AI10/AH10)*100 -> 3.0333333 | AJ48: =(AJ10/AH10)*100 -> 11.1 | AK48: =(AK10/AH10)*100 -> 14 | AL48: =(AL10/AH10)*100 -> 31.4 | AM48: =(AM10/AH10)*100 -> 10 | AN48: =(AN10/AH10)*100 -> 0.76666667 | AO48: =(AO10/AH10)*100 -> 9.9666667 | AP48: =(AP10/AH10)*100 -> 5.1 | AQ48: =(AQ10/AH10)*100 -> 14.666667 | AR48: =(AR10/CA10)*100 -> 12.244421 | AS48: =(AS10/AR10)*100 -> 4.9968173 | AT48: =(AT10/AR10)*100 -> 1.6868237 | AU48: =(AU10/AR10)*100 -> 1.156376 | AV48: =(AV10/AR10)*100 -> 3.6388712 | AW48: =(AW10/AR10)*100 -> 6.0046679 | AX48: =(AX10/AR10)*100 -> 8.1688945 | AY48: =(AY10/AR10)*100 -> 17.218332 | AZ48: =(AZ10/AR10)*100 -> 49.002758 | BA48: =(BA10/AR10)*100 -> 8.1582856 | BB48: =(BB10/CA10)*100 -> 12.93679 | BC48: =(BC10/BB10)*100 -> 8.8161462 | BD48: =(BD10/BB10)*100 -> 10.934833 | BE48: =(BE10/BB10)*100 -> 2.0082338 | BF48: =(BF10/BB10)*100 -> 12.240185 | BG48: =(BG10/BB10)*100 -> 17.883322 | BH48: =(BH10/BB10)*100 -> 6.5769656 | BI48: =(BI10/BB10)*100 -> 13.525454 | BJ48: =(BJ10/BB10)*100 -> 15.443318 | BK48: =(BK10/BB10)*100 -> 12.531379 | BL48: =(BL10/CA10)*100 -> 3.652802 | BM48: =(BM10/BL10)*100 -> 3.0227596 | BN48: =(BN10/BL10)*100 -> 3.5206259 | BO48: =(BO10/BL10)*100 -> 0.49786629 | BP48: =(BP10/BL10)*100 -> 12.055477 | BQ48: =(BQ10/BL10)*100 -> 2.2759602 | BR48: =(BR10/BL10)*100 -> 21.194879 | BS48: =(BS10/BL10)*100 -> 20.554765 | BT48: =(BT10/BL10)*100 -> 36.913229 | BU48: =(BU10/CA10)*100 -> 9.0774467 | BV48: =(BV10/BU10)*100 -> 7.269605 | BW48: =(BW10/BU10)*100 -> 1.803091 | BX48: =(BX10/BU10)*100 -> 0 | BY48: =(BY10/BU10)*100 -> 74.928449 | BZ48: =(BZ10/BU10)*100 -> 15.984545
A49: Y2035 | B49: =(B11/CA11)*100 -> 20.28659 | C49: =(C11/B11)*100 -> 4.3195163 | D49: =(D11/B11)*100 -> 20.010465 | E49: =(E11/B11)*100 -> 10.662171 | F49: =(F11/B11)*100 -> 6.9937794 | G49: =(G11/B11)*100 -> 35.125865 | H49: =(H11/B11)*100 -> 6.7205395 | I49: =(I11/B11)*100 -> 10.016859 | J49: =(J11/B11)*100 -> 1.1220278 | K49: =(K11/B11)*100 -> 3.2439974 | L49: =(L11/B11)*100 -> 1.7615255 | M49: =(M11/CA11)*100 -> 1.0520109 | N49: =(N11/M11)*100 -> 93.609865 | O49: =(O11/M11)*100 -> 6.1659193 | P49: =(P11/CA11)*100 -> 20.219365 | Q49: =(Q11/P11)*100 -> 3.1847877 | R49: =(R11/P11)*100 -> 1.4874008 | S49: =(S11/P11)*100 -> 0.064162389 | T49: =(T11/P11)*100 -> 3.9839011 | U49: =(U11/P11)*100 -> 0.11082594 | V49: =(V11/P11)*100 -> 30.477135 | W49: =(W11/P11)*100 -> 2.2340177 | X49: =(X11/P11)*100 -> 57.168689 | Y49: =(Y11/P11)*100 -> 1.3240784 | Z49: =(Z11/CA11)*100 -> 17.653025 | AA49: =(AA11/Z11)*100 -> 58.932389 | AB49: =(AB11/Z11)*100 -> 27.405131 | AC49: =(AC11/Z11)*100 -> 13.649118 | AD49: =(AD11/CA11)*100 -> 0.31843378 | AE49: =(AE11/AD11)*100 -> 72.592593 | AF49: =(AF11/AD11)*100 -> 11.111111 | AG49: =(AG11/AD11)*100 -> 16.296296 | AH49: =(AH11/CA11)*100 -> 3.7929001 | AI49: =(AI11/AH11)*100 -> 4.4465174 | AJ49: =(AJ11/AH11)*100 -> 10.199005 | AK49: =(AK11/AH11)*100 -> 13.650498 | AL49: =(AL11/AH11)*100 -> 32.89801 | AM49: =(AM11/AH11)*100 -> 9.2661692 | AN49: =(AN11/AH11)*100 -> 0.65298507 | AO49: =(AO11/AH11)*100 -> 9.8880597 | AP49: =(AP11/AH11)*100 -> 5.0373134 | AQ49: =(AQ11/AH11)*100 -> 13.868159 | AR49: =(AR11/CA11)*100 -> 11.695955 | AS49: =(AS11/AR11)*100 -> 5.1426843 | AT49: =(AT11/AR11)*100 -> 1.6436422 | AU49: =(AU11/AR11)*100 -> 1.0789553 | AV49: =(AV11/AR11)*100 -> 4.194817 | AW49: =(AW11/AR11)*100 -> 6.3123929 | AX49: =(AX11/AR11)*100 -> 7.8955329 | AY49: =(AY11/AR11)*100 -> 16.799435 | AZ49: =(AZ11/AR11)*100 -> 49.379853 | BA49: =(BA11/AR11)*100 -> 7.5526873 | BB49: =(BB11/CA11)*100 -> 13.354169 | BC49: =(BC11/BB11)*100 -> 9.1406871 | BD49: =(BD11/BB11)*100 -> 10.500751 | BE49: =(BE11/BB11)*100 -> 1.9517796 | BF49: =(BF11/BB11)*100 -> 10.120993 | BG49: =(BG11/BB11)*100 -> 14.784068 | BH49: =(BH11/BB11)*100 -> 8.7167712 | BI49: =(BI11/BB11)*100 -> 11.145456 | BJ49: =(BJ11/BB11)*100 -> 16.506226 | BK49: =(BK11/BB11)*100 -> 17.053784 | BL49: =(BL11/CA11)*100 -> 3.6018398 | BM49: =(BM11/BL11)*100 -> 2.848723 | BN49: =(BN11/BL11)*100 -> 3.1761624 | BO49: =(BO11/BL11)*100 -> 0.45841519 | BP49: =(BP11/BL11)*100 -> 12.311722 | BQ49: =(BQ11/BL11)*100 -> 1.9318926 | BR49: =(BR11/BL11)*100 -> 23.248199 | BS49: =(BS11/BL11)*100 -> 21.774722 | BT49: =(BT11/BL11)*100 -> 34.151932 | BU49: =(BU11/CA11)*100 -> 8.0280693 | BV49: =(BV11/BU11)*100 -> 7.7861025 | BW49: =(BW11/BU11)*100 -> 1.8804172 | BX49: =(BX11/BU11)*100 -> 0.01469076 | BY49: =(BY11/BU11)*100 -> 72.322609 | BZ49: =(BZ11/BU11)*100 -> 17.922727
A50: Y2036 | B50: =(B12/CA12)*100 -> 17.031701 | C50: =(C12/B12)*100 -> 3.7410926 | D50: =(D12/B12)*100 -> 25.804962 | E50: =(E12/B12)*100 -> 14.133017 | F50: =(F12/B12)*100 -> 7.7724993 | G50: =(G12/B12)*100 -> 33.102402 | H50: =(H12/B12)*100 -> 7.4887833 | I50: =(I12/B12)*100 -> 1.1876485 | J50: =(J12/B12)*100 -> 1.1612563 | K50: =(K12/B12)*100 -> 3.5959356 | L50: =(L12/B12)*100 -> 1.9860121 | M50: =(M12/CA12)*100 -> 1.2990662 | N50: =(N12/M12)*100 -> 93.771626 | O50: =(O12/M12)*100 -> 6.0553633 | P50: =(P12/CA12)*100 -> 20.125412 | Q50: =(Q12/P12)*100 -> 2.8477302 | R50: =(R12/P12)*100 -> 2.5238707 | S50: =(S12/P12)*100 -> 0.055837847 | T50: =(T12/P12)*100 -> 3.9030655 | U50: =(U12/P12)*100 -> 0.12284326 | V50: =(V12/P12)*100 -> 25.143782 | W50: =(W12/P12)*100 -> 2.5071193 | X50: =(X12/P12)*100 -> 61.505388 | Y50: =(Y12/P12)*100 -> 1.3847786 | Z50: =(Z12/CA12)*100 -> 16.942924 | AA50: =(AA12/Z12)*100 -> 65.324667 | AB50: =(AB12/Z12)*100 -> 22.378457 | AC50: =(AC12/Z12)*100 -> 12.303509 | AD50: =(AD12/CA12)*100 -> 0.43264747 | AE50: =(AE12/AD12)*100 -> 68.831169 | AF50: =(AF12/AD12)*100 -> 18.181818 | AG50: =(AG12/AD12)*100 -> 12.987013 | AH50: =(AH12/CA12)*100 -> 3.8061739 | AI50: =(AI12/AH12)*100 -> 4.1039268 | AJ50: =(AJ12/AH12)*100 -> 9.3297904 | AK50: =(AK12/AH12)*100 -> 15.500443 | AL50: =(AL12/AH12)*100 -> 36.1677 | AM50: =(AM12/AH12)*100 -> 8.3554768 | AN50: =(AN12/AH12)*100 -> 0.9447889 | AO50: =(AO12/AH12)*100 -> 6.9973428 | AP50: =(AP12/AH12)*100 -> 4.8420431 | AQ50: =(AQ12/AH12)*100 -> 13.788013 | AR50: =(AR12/CA12)*100 -> 11.712947 | AS50: =(AS12/AR12)*100 -> 4.7683009 | AT50: =(AT12/AR12)*100 -> 1.6214142 | AU50: =(AU12/AR12)*100 -> 0.99779334 | AV50: =(AV12/AR12)*100 -> 4.0391442 | AW50: =(AW12/AR12)*100 -> 5.6893409 | AX50: =(AX12/AR12)*100 -> 6.6967284 | AY50: =(AY12/AR12)*100 -> 17.518948 | AZ50: =(AZ12/AR12)*100 -> 51.981195 | BA50: =(BA12/AR12)*100 -> 6.7351051 | BB50: =(BB12/CA12)*100 -> 11.972535 | BC50: =(BC12/BB12)*100 -> 7.584006 | BD50: =(BD12/BB12)*100 -> 12.812089 | BE50: =(BE12/BB12)*100 -> 1.6988924 | BF50: =(BF12/BB12)*100 -> 9.705275 | BG50: =(BG12/BB12)*100 -> 14.689319 | BH50: =(BH12/BB12)*100 -> 8.0908579 | BI50: =(BI12/BB12)*100 -> 11.986109 | BJ50: =(BJ12/BB12)*100 -> 17.48639 | BK50: =(BK12/BB12)*100 -> 15.965834 | BL50: =(BL12/CA12)*100 -> 3.7556048 | BM50: =(BM12/BL12)*100 -> 2.5433872 | BN50: =(BN12/BL12)*100 -> 2.9323758 | BO50: =(BO12/BL12)*100 -> 0.35906643 | BP50: =(BP12/BL12)*100 -> 10.921604 | BQ50: =(BQ12/BL12)*100 -> 1.8551765 | BR50: =(BR12/BL12)*100 -> 26.09216 | BS50: =(BS12/BL12)*100 -> 20.077798 | BT50: =(BT12/BL12)*100 -> 35.308199 | BU50: =(BU12/CA12)*100 -> 12.917617 | BV50: =(BV12/BU12)*100 -> 6.6637669 | BW50: =(BW12/BU12)*100 -> 1.1744237 | BX50: =(BX12/BU12)*100 -> 0.017398869 | BY50: =(BY12/BU12)*100 -> 66.481079 | BZ50: =(BZ12/BU12)*100 -> 25.645933
A51: Y2037 | B51: =(B13/CA13)*100 -> 18.270747 | C51: =(C13/B13)*100 -> 4.3965734 | D51: =(D13/B13)*100 -> 26.22197 | E51: =(E13/B13)*100 -> 13.914084 | F51: =(F13/B13)*100 -> 8.7364575 | G51: =(G13/B13)*100 -> 30.750819 | H51: =(H13/B13)*100 -> 7.5081885 | I51: =(I13/B13)*100 -> 1.0330058 | J51: =(J13/B13)*100 -> 1.3416478 | K51: =(K13/B13)*100 -> 3.9430587 | L51: =(L13/B13)*100 -> 2.1667926 | M51: =(M13/CA13)*100 -> 1.6134786 | N51: =(N13/M13)*100 -> 95.934379 | O51: =(O13/M13)*100 -> 4.0656205 | P51: =(P13/CA13)*100 -> 19.181062 | Q51: =(Q13/P13)*100 -> 2.0579588 | R51: =(R13/P13)*100 -> 4.6619068 | S51: =(S13/P13)*100 -> 0.07799844 | T51: =(T13/P13)*100 -> 4.1879162 | U51: =(U13/P13)*100 -> 0.1799964 | V51: =(V13/P13)*100 -> 23.831523 | W51: =(W13/P13)*100 -> 2.4899502 | X51: =(X13/P13)*100 -> 60.98278 | Y51: =(Y13/P13)*100 -> 1.5419692 | Z51: =(Z13/CA13)*100 -> 16.64576 | AA51: =(AA13/Z13)*100 -> 58.116704 | AB51: =(AB13/Z13)*100 -> 28.857854 | AC51: =(AC13/Z13)*100 -> 12.997788 | AD51: =(AD13/CA13)*100 -> 0.37287238 | AE51: =(AE13/AD13)*100 -> 69.753086 | AF51: =(AF13/AD13)*100 -> 15.740741 | AG51: =(AG13/AD13)*100 -> 15.740741 | AH51: =(AH13/CA13)*100 -> 4.43534 | AI51: =(AI13/AH13)*100 -> 4.1255838 | AJ51: =(AJ13/AH13)*100 -> 9.8598858 | AK51: =(AK13/AH13)*100 -> 13.596264 | AL51: =(AL13/AH13)*100 -> 38.427608 | AM51: =(AM13/AH13)*100 -> 8.6663207 | AN51: =(AN13/AH13)*100 -> 0.80435911 | AO51: =(AO13/AH13)*100 -> 6.0197198 | AP51: =(AP13/AH13)*100 -> 4.6185781 | AQ51: =(AQ13/AH13)*100 -> 13.907628 | AR51: =(AR13/CA13)*100 -> 12.288677 | AS51: =(AS13/AR13)*100 -> 4.0269713 | AT51: =(AT13/AR13)*100 -> 1.6857089 | AU51: =(AU13/AR13)*100 -> 1.2923768 | AV51: =(AV13/AR13)*100 -> 4.4015733 | AW51: =(AW13/AR13)*100 -> 5.65649 | AX51: =(AX13/AR13)*100 -> 8.1288631 | AY51: =(AY13/AR13)*100 -> 12.755198 | AZ51: =(AZ13/AR13)*100 -> 55.946807 | BA51: =(BA13/AR13)*100 -> 6.1622027 | BB51: =(BB13/CA13)*100 -> 12.644287 | BC51: =(BC13/BB13)*100 -> 7.2176208 | BD51: =(BD13/BB13)*100 -> 9.9754255 | BE51: =(BE13/BB13)*100 -> 1.7930281 | BF51: =(BF13/BB13)*100 -> 9.3656139 | BG51: =(BG13/BB13)*100 -> 12.78784 | BH51: =(BH13/BB13)*100 -> 8.246109 | BI51: =(BI13/BB13)*100 -> 11.813962 | BJ51: =(BJ13/BB13)*100 -> 22.217166 | BK51: =(BK13/BB13)*100 -> 16.592336 | BL51: =(BL13/CA13)*100 -> 4.1706467 | BM51: =(BM13/BL13)*100 -> 2.1247241 | BN51: =(BN13/BL13)*100 -> 3.504415 | BO51: =(BO13/BL13)*100 -> 0.33112583 | BP51: =(BP13/BL13)*100 -> 9.1335541 | BQ51: =(BQ13/BL13)*100 -> 1.7384106 | BR51: =(BR13/BL13)*100 -> 27.704194 | BS51: =(BS13/BL13)*100 -> 21.633554 | BT51: =(BT13/BL13)*100 -> 33.664459 | BU51: =(BU13/CA13)*100 -> 10.37598 | BV51: =(BV13/BU13)*100 -> 20.042147 | BW51: =(BW13/BU13)*100 -> 1.0869565 | BX51: =(BX13/BU13)*100 -> 0.088731145 | BY51: =(BY13/BU13)*100 -> 53.349601 | BZ51: =(BZ13/BU13)*100 -> 25.454747
... A76: Y2062 | B76: =(B38/CA38)*100 -> 10.18003 | C76: =(C38/B38)*100 -> 2.1131302 | D76: =(D38/B38)*100 -> 40.553511 | E76: =(E38/B38)*100 -> 6.5195948 | F76: =(F38/B38)*100 -> 2.3274783 | G76: =(G38/B38)*100 -> 26.089761 | H76: =(H38/B38)*100 -> 13.519102 | I76: =(I38/B38)*100 -> 0.56716871 | J76: =(J38/B38)*100 -> 1.04139 | K76: =(K38/B38)*100 -> 2.993285 | L76: =(L38/B38)*100 -> 4.2812702 | M76: =(M38/CA38)*100 -> 0.61542086 | N76: =(N38/M38)*100 -> 99.372451 | O76: =(O38/M38)*100 -> 0.62754942 | P76: =(P38/CA38)*100 -> 34.673085 | Q76: =(Q38/P38)*100 -> 0.2973986 | R76: =(R38/P38)*100 -> 2.785188 | S76: =(S38/P38)*100 -> 0.011138524 | T76: =(T38/P38)*100 -> 0.79918912 | U76: =(U38/P38)*100 -> 0.13533307 | V76: =(V38/P38)*100 -> 3.6205773 | W76: =(W38/P38)*100 -> 2.8720685 | X76: =(X38/P38)*100 -> 89.125459 | Y76: =(Y38/P38)*100 -> 0.354762 | Z76: =(Z38/CA38)*100 -> 33.103926 | AA76: =(AA38/Z38)*100 -> 50.154873 | AB76: =(AB38/Z38)*100 -> 9.1774533 | AC76: =(AC38/Z38)*100 -> 40.668257 | AD76: =(AD38/CA38)*100 -> 0.2703449 | AE76: =(AE38/AD38)*100 -> 61.857143 | AF76: =(AF38/AD38)*100 -> 29.785714 | AG76: =(AG38/AD38)*100 -> 8.4285714 | AH76: =(AH38/CA38)*100 -> 2.3730489 | AI76: =(AI38/AH38)*100 -> 1.7495321 | AJ76: =(AJ38/AH38)*100 -> 7.714216 | AK76: =(AK38/AH38)*100 -> 9.4637481 | AL76: =(AL38/AH38)*100 -> 43.844088 | AM76: =(AM38/AH38)*100 -> 13.906746 | AN76: =(AN38/AH38)*100 -> 3.5560257 | AO76: =(AO38/AH38)*100 -> 2.4005208 | AP76: =(AP38/AH38)*100 -> 3.3525917 | AQ76: =(AQ38/AH38)*100 -> 14.028806 | AR76: =(AR38/CA38)*100 -> 3.9700149 | AS76: =(AS38/AR38)*100 -> 0.54477358 | AT76: =(AT38/AR38)*100 -> 1.6197286 | AU76: =(AU38/AR38)*100 -> 0.47667688 | AV76: =(AV38/AR38)*100 -> 4.3484605 | AW76: =(AW38/AR38)*100 -> 1.9067075 | AX76: =(AX38/AR38)*100 -> 2.8746534 | AY76: =(AY38/AR38)*100 -> 6.4594581 | AZ76: =(AZ38/AR38)*100 -> 74.590204 | BA76: =(BA38/AR38)*100 -> 7.1890656 | BB76: =(BB38/CA38)*100 -> 3.9680839 | BC76: =(BC38/BB38)*100 -> 6.7156553 | BD76: =(BD38/BB38)*100 -> 11.460412 | BE76: =(BE38/BB38)*100 -> 1.3966616 | BF76: =(BF38/BB38)*100 -> 15.222152 | BG76: =(BG38/BB38)*100 -> 7.6986715 | BH76: =(BH38/BB38)*100 -> 14.248869 | BI76: =(BI38/BB38)*100 -> 15.733126 | BJ76: =(BJ38/BB38)*100 -> 11.100297 | BK76: =(BK38/BB38)*100 -> 16.453355 | BL76: =(BL38/CA38)*100 -> 2.1241385 | BM76: =(BM38/BL38)*100 -> 1.7545455 | BN76: =(BN38/BL38)*100 -> 1.5454545 | BO76: =(BO38/BL38)*100 -> 1.6181818 | BP76: =(BP38/BL38)*100 -> 7.0363636 | BQ76: =(BQ38/BL38)*100 -> 1.7363636 | BR76: =(BR38/BL38)*100 -> 37.154545 | BS76: =(BS38/BL38)*100 -> 5.5545455 | BT76: =(BT38/BL38)*100 -> 43.590909 | BU76: =(BU38/CA38)*100 -> 8.7215196 | BV76: =(BV38/BU38)*100 -> 1.2531828 | BW76: =(BW38/BU38)*100 -> 2.9668991 | BX76: =(BX38/BU38)*100 -> 0.050924388 | BY76: =(BY38/BU38)*100 -> 79.050149 | BZ76: =(BZ38/BU38)*100 -> 16.681058

Sheet Import-dataset
A1: Import | B1: 0 Food and live animals ; | C1: 00 Live animals (excl. fish (not marine mammals) crustaceans, molluscs and aquatic invertebrates of SITC Division 03) ; | D1: 01 Meat and meat preparations ; | E1: 02 Dairy products and birds’ eggs ; | F1: 03 Fish (excl. marine mammals) crustaceans, molluscs and aquatic invertebrates, and preparations thereof (excl. extracts and juices of fish, crustaceans, molluscs or other aquatic invertebrates, prepared or preserved of SITC 01710) ; | G1: 04 Cereals and cereal preparations ; | H1: 05 Vegetables and fruit ; | I1: 06 Sugars, sugar preparations and honey ; | J1: 07 Coffee, tea, cocoa, spices, and manufactures thereof ; | K1: 08 Feeding stuff for animals (excl. unmilled cereals) ; | L1: 09 Miscellaneous edible products and preparations ; | M1: 1 Beverages and tobacco ; | N1: 11 Beverages ; | O1: 12 Tobacco and tobacco manufactures ; | P1: 2 Crude materials, inedible, except fuels ; | Q1: 21 Hides, skins and furskins, raw ; | R1: 22 Oil-seeds and oleaginous fruits ; | S1: 23 Crude rubber (incl. synthetic and reclaimed) ; | T1: 24 Cork and wood ; | U1: 25 Pulp and waste paper ; | V1: 26 Textile fibres (excl. wool tops and other combed wool) and their wastes, not manufactured into yarn or fabric ; | W1: 27 Crude fertilizers (excl. those of Division 56) and crude minerals (excl. coal, petroleum and precious stones) ; | X1: 28 Metalliferous ores and metal scrap ; | Y1: 29 Crude animal and vegetable materials, nes ; | Z1: 3 Mineral fuels, lubricants and related materials ; | AA1: 32 Coal, coke and briquettes ; | AB1: 33 Petroleum, petroleum products and related materials ; | AC1: 34 Gas, natural and manufactured ; | AD1: 4 Animal and vegetable oils, fats and waxes ; | AE1: 41 Animal oils and fats ; | AF1: 42 Fixed vegetable fats and oils, crude, refined or fractionated ; | AG1: 43 Animal or vegetable fats and oils, processed; waxes of animal or vegetable origin; inedible mixtures or preparations of animal or vegetable fats or oils, nes ; | AH1: 5 Chemicals and related products, nes ; | AI1: 51 Organic chemicals ; | AJ1: 52 Inorganic chemicals ; | AK1: 53 Dyeing, tanning and colouring materials ; | AL1: 54 Medicinal and pharmaceutical products ; | AM1: 55 Essential oils and resinoids and perfume materials; toilet, polishing and cleansing preparations ; | AN1: 56 Fertilisers (excl. those of group 272) ; | AO1: 57 Plastics in primary forms ; | AP1: 58 Plastics in non-primary forms ; | AQ1: 59 Chemical materials and products, nes ; | AR1: 6 Manufactured goods classified chiefly by material ; | AS1: 61 Leather, leather manufactures, nes, and dressed furskins ; | AT1: 62 Rubber manufactures, nes ; | AU1: 63 Cork and wood manufactures (excl. furniture) ; | AV1: 64 Paper, paperboard and articles of paper pulp, of paper or of paperboard ; | AW1: 65 Textile yarn, fabrics, made-up articles nes, and related products ; | AX1: 66 Non-metallic mineral manufactures, nes ; | AY1: 67 Iron and steel ; | AZ1: 68 Non-ferrous metals ; | BA1: 69 Manufactures of metals, nes ; | BB1: 7 Machinery and transport equipment ; | BC1: 71 Power generating machinery and equipment ; | BD1: 72 Machinery specialized for particular industries ; | BE1: 73 Metalworking machinery ; | BF1: 74 General industrial machinery and equipment, nes, and machine parts, nes ; | BG1: 75 Office machines and automatic data processing machines ; | BH1: 76 Telecommunications and sound recording and reproducing apparatus and equipment ; | BI1: 77 Electrical machinery, apparatus and appliances, nes, and electrical parts thereof (incl. non electrical counterparts, nes, of electrical household type equipment) ; | BJ1: 78 Road vehicles (incl. air-cushion vehicles) ; | BK1: 79 Transport equipment (excl. road vehicles) ; | BL1: 8 Miscellaneous manufactured articles ; | BM1: 81 Prefabricated buildings and sanitary, plumbing, heating and lighting fixtures and fittings, nes ; | BN1: 82 Furniture and parts thereof; bedding, mattresses, mattress supports, cushions and similar stuffed furnishings ; | BO1: 83 Travel goods, handbags and similar containers ; | BP1: 84 Articles of apparel and clothing accessories ; | BQ1: 85 Footwear ; | BR1: 87 Professional, scientific and controlling instruments and apparatus, nes ; | BS1: 88 Photographic apparatus, equipment and supplies and optical goods, nes; watches and clocks ; | BT1: 89 Miscellaneous manufactured articles, nes ; | BU1: 9 Commodities and transactions not classified elsewhere in the SITC ; | BV1: 93 Special transactions and commodities not classified according to kind ; | BW1: 95 Gold coin whether or not legal tender, and other coin being legal tender ; | BX1: 96 Coin (excl. gold coin) not being legal tender ; | BY1: 97 Gold, non-monetary (excl. gold ores and concentrates) ; | BZ1: 98 Combined confidential items excluding some of SITC 28099 (exports only) and some of SITC 51099 (imports only) ; | CA1: -1 TOTAL ;
A2: Y1988 | B2: 1688 | C2: 154 | D2: 25 | E2: 90 | F2: 406 | G2: 69 | H2: 312 | I2: 37 | J2: 359 | K2: 60 | L2: 177 | M2: 367 | N2: 264 | O2: 103 | P2: 1515 | Q2: 13 | R2: 43 | S2: 111 | T2: 483 | U2: 232 | V2: 185 | W2: 266 | X2: 81 | Y2: 104 | Z2: 1703 | AA2: 3 | AB2: 1693 | AC2: 3 | AD2: 111 | AE2: 0 | AF2: 94 | AG2: 11 | AH2: 4638 | AI2: 1172 | AJ2: 594 | AK2: 200 | AL2: 687 | AM2: 270 | AN2: 171 | AO2: 597 | AP2: 421 | AQ2: 532 | AR2: 7269 | AS2: 150 | AT2: 621 | AU2: 214 | AV2: 1212 | AW2: 1911 | AX2: 885 | AY2: 892 | AZ2: 297 | BA2: 1089 | BB2: 17885 | BC2: 1123 | BD2: 2131 | BE2: 354 | BF2: 2326 | BG2: 2899 | BH2: 1543 | BI2: 2213 | BJ2: 3852 | BK2: 1441 | BL2: 5957 | BM2: 116 | BN2: 251 | BO2: 175 | BP2: 700 | BQ2: 304 | BR2: 993 | BS2: 763 | BT2: 2657 | BU2: 1288 | BV2: 935 | BW2: 17 | BX2: 0 | BY2: 104 | BZ2: 229 | CA2: 42417
A3: Y1989 | B3: 1929 | C3: 151 | D3: 30 | E3: 96 | F3: 441 | G3: 86 | H3: 418 | I3: 49 | J3: 357 | K3: 67 | L3: 233 | M3: 391 | N3: 298 | O3: 88 | P3: 1604 | Q3: 10 | R3: 33 | S3: 103 | T3: 571 | U3: 239 | V3: 159 | W3: 256 | X3: 118 | Y3: 119 | Z3: 2644 | AA3: 23 | AB3: 2612 | AC3: 8 | AD3: 121 | AE3: 1 | AF3: 107 | AG3: 12 | AH3: 5189 | AI3: 1123 | AJ3: 760 | AK3: 233 | AL3: 739 | AM3: 327 | AN3: 227 | AO3: 699 | AP3: 483 | AQ3: 597 | AR3: 8580 | AS3: 146 | AT3: 734 | AU3: 243 | AV3: 1342 | AW3: 2045 | AX3: 1078 | AY3: 1218 | AZ3: 414 | BA3: 1359 | BB3: 23453 | BC3: 1240 | BD3: 2752 | BE3: 388 | BF3: 2891 | BG3: 3531 | BH3: 1880 | BI3: 2621 | BJ3: 5397 | BK3: 2756 | BL3: 6814 | BM3: 140 | BN3: 339 | BO3: 215 | BP3: 848 | BQ3: 342 | BR3: 1138 | BS3: 806 | BT3: 2985 | BU3: 998 | BV3: 651 | BW3: 25 | BX3: 3 | BY3: 189 | BZ3: 127 | CA3: 51727
A4: Y1990 | B4: 1914 | C4: 121 | D4: 28 | E4: 115 | F4: 438 | G4: 101 | H4: 388 | I4: 61 | J4: 316 | K4: 69 | L4: 278 | M4: 403 | N4: 301 | O4: 102 | P4: 1403 | Q4: 14 | R4: 53 | S4: 83 | T4: 456 | U4: 207 | V4: 141 | W4: 186 | X4: 148 | Y4: 117 | Z4: 2811 | AA4: 3 | AB4: 2787 | AC4: 16 | AD4: 125 | AE4: 0 | AF4: 110 | AG4: 12 | AH4: 5130 | AI4: 984 | AJ4: 695 | AK4: 229 | AL4: 904 | AM4: 339 | AN4: 261 | AO4: 613 | AP4: 459 | AQ4: 645 | AR4: 7632 | AS4: 128 | AT4: 703 | AU4: 221 | AV4: 1255 | AW4: 1856 | AX4: 996 | AY4: 834 | AZ4: 373 | BA4: 1261 | BB4: 22381 | BC4: 1361 | BD4: 2446 | BE4: 354 | BF4: 2789 | BG4: 3462 | BH4: 1778 | BI4: 2615 | BJ4: 4825 | BK4: 2751 | BL4: 6919 | BM4: 139 | BN4: 314 | BO4: 209 | BP4: 914 | BQ4: 359 | BR4: 1155 | BS4: 786 | BT4: 3042 | BU4: 1090 | BV4: 493 | BW4: 28 | BX4: 7 | BY4: 427 | BZ4: 137 | CA4: 49808
A5: Y1991 | B5: 2001 | C5: 62 | D5: 40 | E5: 133 | F5: 453 | G5: 108 | H5: 433 | I5: 57 | J5: 310 | K5: 85 | L5: 328 | M5: 387 | N5: 286 | O5: 102 | P5: 1198 | Q5: 9 | R5: 58 | S5: 79 | T5: 437 | U5: 130 | V5: 134 | W5: 123 | X5: 115 | Y5: 110 | Z5: 2953 | AA5: 4 | AB5: 2938 | AC5: 7 | AD5: 139 | AE5: 0 | AF5: 124 | AG5: 13 | AH5: 5253 | AI5: 1044 | AJ5: 718 | AK5: 245 | AL5: 937 | AM5: 350 | AN5: 284 | AO5: 602 | AP5: 454 | AQ5: 618 | AR5: 7580 | AS5: 118 | AT5: 704 | AU5: 225 | AV5: 1209 | AW5: 1907 | AX5: 925 | AY5: 895 | AZ5: 371 | BA5: 1221 | BB5: 21885 | BC5: 1311 | BD5: 2023 | BE5: 315 | BF5: 2764 | BG5: 3406 | BH5: 1823 | BI5: 2645 | BJ5: 4280 | BK5: 3319 | BL5: 7284 | BM5: 154 | BN5: 301 | BO5: 221 | BP5: 1027 | BQ5: 384 | BR5: 1241 | BS5: 793 | BT5: 3160 | BU5: 997 | BV5: 28 | BW5: 11 | BX5: 0 | BY5: 866 | BZ5: 93 | CA5: 49671
A6: Y1992 | B6: 2144 | C6: 59 | D6: 39 | E6: 152 | F6: 483 | G6: 131 | H6: 475 | I6: 73 | J6: 328 | K6: 70 | L6: 338 | M6: 414 | N6: 303 | O6: 107 | P6: 1424 | Q6: 0 | R6: 58 | S6: 93 | T6: 516 | U6: 153 | V6: 142 | W6: 154 | X6: 170 | Y6: 133 | Z6: 3244 | AA6: 5 | AB6: 3222 | AC6: 15 | AD6: 176 | AE6: 0 | AF6: 156 | AG6: 18 | AH6: 6223 | AI6: 1284 | AJ6: 700 | AK6: 305 | AL6: 1275 | AM6: 438 | AN6: 310 | AO6: 650 | AP6: 531 | AQ6: 727 | AR6: 8438 | AS6: 132 | AT6: 781 | AU6: 245 | AV6: 1387 | AW6: 2090 | AX6: 1024 | AY6: 856 | AZ6: 440 | BA6: 1478 | BB6: 23736 | BC6: 1345 | BD6: 2350 | BE6: 314 | BF6: 2892 | BG6: 3949 | BH6: 2188 | BI6: 3093 | BJ6: 5576 | BK6: 2025 | BL6: 8512 | BM6: 166 | BN6: 342 | BO6: 273 | BP6: 1208 | BQ6: 481 | BR6: 1444 | BS6: 931 | BT6: 3670 | BU6: 1199 | BV6: 27 | BW6: 1 | BX6: 0 | BY6: 1104 | BZ6: 66 | CA6: 55508
A7: Y1993 | B7: 2386 | C7: 65 | D7: 39 | E7: 159 | F7: 538 | G7: 139 | H7: 501 | I7: 73 | J7: 358 | K7: 87 | L7: 422 | M7: 454 | N7: 318 | O7: 133 | P7: 1547 | Q7: 4 | R7: 65 | S7: 111 | T7: 652 | U7: 141 | V7: 153 | W7: 139 | X7: 128 | Y7: 155 | Z7: 3822 | AA7: 16 | AB7: 3781 | AC7: 22 | AD7: 198 | AE7: 0 | AF7: 179 | AG7: 17 | AH7: 6840 | AI7: 1491 | AJ7: 582 | AK7: 335 | AL7: 1393 | AM7: 491 | AN7: 376 | AO7: 728 | AP7: 606 | AQ7: 841 | AR7: 9138 | AS7: 137 | AT7: 883 | AU7: 274 | AV7: 1485 | AW7: 2208 | AX7: 1038 | AY7: 1038 | AZ7: 476 | BA7: 1598 | BB7: 27489 | BC7: 1665 | BD7: 2717 | BE7: 324 | BF7: 3425 | BG7: 4576 | BH7: 2488 | BI7: 3752 | BJ7: 6695 | BK7: 1844 | BL7: 9417 | BM7: 182 | BN7: 369 | BO7: 272 | BP7: 1454 | BQ7: 515 | BR7: 1648 | BS7: 1024 | BT7: 3957 | BU7: 1108 | BV7: 37 | BW7: 1 | BX7: 0 | BY7: 1003 | BZ7: 68 | CA7: 62403
A8: Y1994 | B8: 2580 | C8: 81 | D8: 42 | E8: 161 | F8: 582 | G8: 148 | H8: 504 | I8: 75 | J8: 437 | K8: 107 | L8: 446 | M8: 500 | N8: 338 | O8: 163 | P8: 1650 | Q8: 4 | R8: 105 | S8: 128 | T8: 605 | U8: 131 | V8: 174 | W8: 163 | X8: 169 | Y8: 171 | Z8: 3264 | AA8: 26 | AB8: 3212 | AC8: 26 | AD8: 211 | AE8: 2 | AF8: 187 | AG8: 20 | AH8: 7355 | AI8: 1706 | AJ8: 462 | AK8: 355 | AL8: 1504 | AM8: 547 | AN8: 443 | AO8: 804 | AP8: 666 | AQ8: 872 | AR8: 10017 | AS8: 156 | AT8: 998 | AU8: 305 | AV8: 1639 | AW8: 2368 | AX8: 1144 | AY8: 1101 | AZ8: 588 | BA8: 1720 | BB8: 31429 | BC8: 1759 | BD8: 3341 | BE8: 436 | BF8: 3912 | BG8: 5201 | BH8: 2874 | BI8: 4375 | BJ8: 7963 | BK8: 1566 | BL8: 10230 | BM8: 206 | BN8: 425 | BO8: 314 | BP8: 1547 | BQ8: 557 | BR8: 1762 | BS8: 1140 | BT8: 4278 | BU8: 864 | BV8: 25 | BW8: 1 | BX8: 0 | BY8: 773 | BZ8: 62 | CA8: 68099
A9: Y1995 | B9: 2944 | C9: 106 | D9: 51 | E9: 185 | F9: 598 | G9: 218 | H9: 575 | I9: 88 | J9: 525 | K9: 104 | L9: 497 | M9: 503 | N9: 341 | O9: 163 | P9: 1751 | Q9: 1 | R9: 131 | S9: 166 | T9: 522 | U9: 205 | V9: 182 | W9: 157 | X9: 182 | Y9: 200 | Z9: 3887 | AA9: 14 | AB9: 3823 | AC9: 50 | AD9: 251 | AE9: 2 | AF9: 226 | AG9: 23 | AH9: 8598 | AI9: 1862 | AJ9: 797 | AK9: 370 | AL9: 1691 | AM9: 598 | AN9: 584 | AO9: 980 | AP9: 774 | AQ9: 943 | AR9: 11349 | AS9: 168 | AT9: 1084 | AU9: 327 | AV9: 2048 | AW9: 2416 | AX9: 1211 | AY9: 1459 | AZ9: 689 | BA9: 1951 | BB9: 36394 | BC9: 1845 | BD9: 3914 | BE9: 558 | BF9: 4379 | BG9: 5969 | BH9: 3684 | BI9: 5298 | BJ9: 8433 | BK9: 2313 | BL9: 10963 | BM9: 218 | BN9: 457 | BO9: 359 | BP9: 1703 | BQ9: 568 | BR9: 1887 | BS9: 1230 | BT9: 4541 | BU9: 828 | BV9: 27 | BW9: 1 | BX9: 0 | BY9: 731 | BZ9: 68 | CA9: 77469
A10: Y1996 | B10: 2918 | C10: 92 | D10: 56 | E10: 201 | F10: 605 | G10: 165 | H10: 597 | I10: 87 | J10: 484 | K10: 105 | L10: 527 | M10: 511 | N10: 341 | O10: 170 | P10: 1512 | Q10: 0 | R10: 100 | S10: 144 | T10: 419 | U10: 155 | V10: 166 | W10: 131 | X10: 171 | Y10: 217 | Z10: 4900 | AA10: 15 | AB10: 4800 | AC10: 83 | AD10: 267 | AE10: 4 | AF10: 236 | AG10: 23 | AH10: 9076 | AI10: 2007 | AJ10: 795 | AK10: 404 | AL10: 1937 | AM10: 623 | AN10: 746 | AO10: 869 | AP10: 719 | AQ10: 978 | AR10: 10611 | AS10: 159 | AT10: 1119 | AU10: 319 | AV10: 1770 | AW10: 2319 | AX10: 1208 | AY10: 1264 | AZ10: 601 | BA10: 1851 | BB10: 36809 | BC10: 2037 | BD10: 4107 | BE10: 606 | BF10: 4567 | BG10: 5882 | BH10: 3724 | BI10: 5100 | BJ10: 8243 | BK10: 2547 | BL10: 11054 | BM10: 225 | BN10: 495 | BO10: 343 | BP10: 1802 | BQ10: 610 | BR10: 1892 | BS10: 1241 | BT10: 4447 | BU10: 752 | BV10: 31 | BW10: 9 | BX10: 0 | BY10: 643 | BZ10: 68 | CA10: 78410
A11: Y1997 | B11: 3189 | C11: 120 | D11: 69 | E11: 193 | F11: 631 | G11: 204 | H11: 590 | I11: 90 | J11: 582 | K11: 134 | L11: 579 | M11: 543 | N11: 401 | O11: 143 | P11: 1558 | Q11: 1 | R11: 91 | S11: 130 | T11: 462 | U11: 124 | V11: 149 | W11: 165 | X11: 199 | Y11: 241 | Z11: 5026 | AA11: 13 | AB11: 4916 | AC11: 94 | AD11: 270 | AE11: 9 | AF11: 240 | AG11: 21 | AH11: 9397 | AI11: 2070 | AJ11: 634 | AK11: 425 | AL11: 2215 | AM11: 676 | AN11: 661 | AO11: 926 | AP11: 754 | AQ11: 1039 | AR11: 11529 | AS11: 159 | AT11: 1143 | AU11: 368 | AV11: 1833 | AW11: 2385 | AX11: 1336 | AY11: 1466 | AZ11: 692 | BA11: 2151 | BB11: 38698 | BC11: 1952 | BD11: 4032 | BE11: 596 | BF11: 5040 | BG11: 6496 | BH11: 3764 | BI11: 5085 | BJ11: 9590 | BK11: 2139 | BL11: 12287 | BM11: 258 | BN11: 613 | BO11: 358 | BP11: 2049 | BQ11: 658 | BR11: 2138 | BS11: 1315 | BT11: 4897 | BU11: 918 | BV11: 37 | BW11: 9 | BX11: 0 | BY11: 796 | BZ11: 75 | CA11: 83420
A12: Y1998 | B12: 3663 | C12: 120 | D12: 59 | E12: 239 | F12: 729 | G12: 230 | H12: 666 | I12: 104 | J12: 678 | K12: 155 | L12: 683 | M12: 589 | N12: 434 | O12: 155 | P12: 1624 | Q12: 0 | R12: 64 | S12: 118 | T12: 480 | U12: 173 | V12: 139 | W12: 191 | X12: 200 | Y12: 259 | Z12: 4324 | AA12: 28 | AB12: 4223 | AC12: 72 | AD12: 270 | AE12: 6 | AF12: 238 | AG12: 24 | AH12: 11034 | AI12: 2265 | AJ12: 779 | AK12: 472 | AL12: 2843 | AM12: 825 | AN12: 775 | AO12: 1010 | AP12: 871 | AQ12: 1197 | AR12: 13020 | AS12: 137 | AT12: 1318 | AU12: 419 | AV12: 2092 | AW12: 2600 | AX12: 1555 | AY12: 1609 | AZ12: 874 | BA12: 2415 | BB12: 44331 | BC12: 2163 | BD12: 4455 | BE12: 531 | BF12: 5855 | BG12: 7089 | BH12: 4140 | BI12: 5716 | BJ12: 11724 | BK12: 2660 | BL12: 14555 | BM12: 309 | BN12: 751 | BO12: 360 | BP12: 2419 | BQ12: 780 | BR12: 2457 | BS12: 1421 | BT12: 6058 | BU12: 3369 | BV12: 43 | BW12: 4 | BX12: 0 | BY12: 3174 | BZ12: 148 | CA12: 96773
A13: Y1999 | B13: 3841 | C13: 125 | D13: 98 | E13: 274 | F13: 779 | G13: 253 | H13: 742 | I13: 106 | J13: 630 | K13: 144 | L13: 693 | M13: 672 | N13: 496 | O13: 176 | P13: 1624 | Q13: 0 | R13: 68 | S13: 104 | T13: 486 | U13: 203 | V13: 139 | W13: 157 | X13: 182 | Y13: 282 | Z13: 5909 | AA13: 26 | AB13: 5797 | AC13: 86 | AD13: 287 | AE13: 6 | AF13: 244 | AG13: 34 | AH13: 11768 | AI13: 2557 | AJ13: 660 | AK13: 500 | AL13: 3212 | AM13: 884 | AN13: 746 | AO13: 1041 | AP13: 901 | AQ13: 1261 | AR13: 12926 | AS13: 159 | AT13: 1231 | AU13: 510 | AV13: 2186 | AW13: 2579 | AX13: 1678 | AY13: 1413 | AZ13: 794 | BA13: 2384 | BB13: 47802 | BC13: 2363 | BD13: 4063 | BE13: 436 | BF13: 5355 | BG13: 7199 | BH13: 5907 | BI13: 5897 | BJ13: 12373 | BK13: 4208 | BL13: 14516 | BM13: 325 | BN13: 893 | BO13: 382 | BP13: 2573 | BQ13: 782 | BR13: 2494 | BS13: 1447 | BT13: 5617 | BU13: 2168 | BV13: 37 | BW13: 7 | BX13: 5 | BY13: 2005 | BZ13: 112 | CA13: 101517
... A38: Y2024 | B38: 22309 | C38: 201 | D38: 1252 | E38: 1935 | F38: 2416 | G38: 2527 | H38: 3913 | I38: 688 | J38: 3250 | K38: 1647 | L38: 4481 | M38: 3349 | N38: 2906 | O38: 441 | P38: 4119 | Q38: 6 | R38: 151 | S38: 141 | T38: 917 | U38: 276 | V38: 121 | W38: 362 | X38: 1141 | Y38: 1007 | Z38: 56763 | AA38: 260 | AB38: 56197 | AC38: 306 | AD38: 1257 | AE38: 204 | AF38: 973 | AG38: 78 | AH38: 45025 | AI38: 2722 | AJ38: 2683 | AK38: 1265 | AL38: 17013 | AM38: 5566 | AN38: 4645 | AO38: 2957 | AP38: 2840 | AQ38: 5338 | AR38: 43618 | AS38: 150 | AT38: 5553 | AU38: 1776 | AV38: 4210 | AW38: 4547 | AX38: 4466 | AY38: 5953 | AZ38: 4284 | BA38: 12678 | BB38: 180723 | BC38: 7931 | BD38: 15322 | BE38: 1101 | BF38: 23741 | BG38: 14905 | BH38: 20140 | BI38: 28339 | BJ38: 62033 | BK38: 7213 | BL38: 59314 | BM38: 1973 | BN38: 5994 | BO38: 2215 | BP38: 12814 | BQ38: 2948 | BR38: 10291 | BS38: 2712 | BT38: 20362 | BU38: 13508 | BV38: 1 | BW38: 57 | BX38: 18 | BY38: 9876 | BZ38: 3553 | CA38: 429980
A39: Y2025 | B39: 0 Food and live animals ; | C39: 00 Live animals (excl. fish (not marine mammals) crustaceans, molluscs and aquatic invertebrates of SITC Division 03) ; | D39: 01 Meat and meat preparations ; | E39: 02 Dairy products and birds’ eggs ; | F39: 03 Fish (excl. marine mammals) crustaceans, molluscs and aquatic invertebrates, and preparations thereof (excl. extracts and juices of fish, crustaceans, molluscs or other aquatic invertebrates, prepared or preserved of SITC 01710) ; | G39: 04 Cereals and cereal preparations ; | H39: 05 Vegetables and fruit ; | I39: 06 Sugars, sugar preparations and honey ; | J39: 07 Coffee, tea, cocoa, spices, and manufactures thereof ; | K39: 08 Feeding stuff for animals (excl. unmilled cereals) ; | L39: 09 Miscellaneous edible products and preparations ; | M39: 1 Beverages and tobacco ; | N39: 11 Beverages ; | O39: 12 Tobacco and tobacco manufactures ; | P39: 2 Crude materials, inedible, except fuels ; | Q39: 21 Hides, skins and furskins, raw ; | R39: 22 Oil-seeds and oleaginous fruits ; | S39: 23 Crude rubber (incl. synthetic and reclaimed) ; | T39: 24 Cork and wood ; | U39: 25 Pulp and waste paper ; | V39: 26 Textile fibres (excl. wool tops and other combed wool) and their wastes, not manufactured into yarn or fabric ; | W39: 27 Crude fertilizers (excl. those of Division 56) and crude minerals (excl. coal, petroleum and precious stones) ; | X39: 28 Metalliferous ores and metal scrap ; | Y39: 29 Crude animal and vegetable materials, nes ; | Z39: 3 Mineral fuels, lubricants and related materials ; | AA39: 32 Coal, coke and briquettes ; | AB39: 33 Petroleum, petroleum products and related materials ; | AC39: 34 Gas, natural and manufactured ; | AD39: 4 Animal and vegetable oils, fats and waxes ; | AE39: 41 Animal oils and fats ; | AF39: 42 Fixed vegetable fats and oils, crude, refined or fractionated ; | AG39: 43 Animal or vegetable fats and oils, processed; waxes of animal or vegetable origin; inedible mixtures or preparations of animal or vegetable fats or oils, nes ; | AH39: 5 Chemicals and related products, nes ; | AI39: 51 Organic chemicals ; | AJ39: 52 Inorganic chemicals ; | AK39: 53 Dyeing, tanning and colouring materials ; | AL39: 54 Medicinal and pharmaceutical products ; | AM39: 55 Essential oils and resinoids and perfume materials; toilet, polishing and cleansing preparations ; | AN39: 56 Fertilisers (excl. those of group 272) ; | AO39: 57 Plastics in primary forms ; | AP39: 58 Plastics in non-primary forms ; | AQ39: 59 Chemical materials and products, nes ; | AR39: 6 Manufactured goods classified chiefly by material ; | AS39: 61 Leather, leather manufactures, nes, and dressed furskins ; | AT39: 62 Rubber manufactures, nes ; | AU39: 63 Cork and wood manufactures (excl. furniture) ; | AV39: 64 Paper, paperboard and articles of paper pulp, of paper or of paperboard ; | AW39: 65 Textile yarn, fabrics, made-up articles nes, and related products ; | AX39: 66 Non-metallic mineral manufactures, nes ; | AY39: 67 Iron and steel ; | AZ39: 68 Non-ferrous metals ; | BA39: 69 Manufactures of metals, nes ; | BB39: 7 Machinery and transport equipment ; | BC39: 71 Power generating machinery and equipment ; | BD39: 72 Machinery specialized for particular industries ; | BE39: 73 Metalworking machinery ; | BF39: 74 General industrial machinery and equipment, nes, and machine parts, nes ; | BG39: 75 Office machines and automatic data processing machines ; | BH39: 76 Telecommunications and sound recording and reproducing apparatus and equipment ; | BI39: 77 Electrical machinery, apparatus and appliances, nes, and electrical parts thereof (incl. non electrical counterparts, nes, of electrical household type equipment) ; | BJ39: 78 Road vehicles (incl. air-cushion vehicles) ; | BK39: 79 Transport equipment (excl. road vehicles) ; | BL39: 8 Miscellaneous manufactured articles ; | BM39: 81 Prefabricated buildings and sanitary, plumbing, heating and lighting fixtures and fittings, nes ; | BN39: 82 Furniture and parts thereof; bedding, mattresses, mattress supports, cushions and similar stuffed furnishings ; | BO39: 83 Travel goods, handbags and similar containers ; | BP39: 84 Articles of apparel and clothing accessories ; | BQ39: 85 Footwear ; | BR39: 87 Professional, scientific and controlling instruments and apparatus, nes ; | BS39: 88 Photographic apparatus, equipment and supplies and optical goods, nes; watches and clocks ; | BT39: 89 Miscellaneous manufactured articles, nes ; | BU39: 9 Commodities and transactions not classified elsewhere in the SITC ; | BV39: 93 Special transactions and commodities not classified according to kind ; | BW39: 95 Gold coin whether or not legal tender, and other coin being legal tender ; | BX39: 96 Coin (excl. gold coin) not being legal tender ; | BY39: 97 Gold, non-monetary (excl. gold ores and concentrates) ; | BZ39: 98 Combined confidential items excluding some of SITC 28099 (exports only) and some of SITC 51099 (imports only) ; | CA39: -1 TOTAL ;
A40: Y2026 | B40: =(B2/CA2)*100 -> 3.9795365 | C40: =(C2/B2)*100 -> 9.1232227 | D40: =(D2/B2)*100 -> 1.4810427 | E40: =(E2/B2)*100 -> 5.3317536 | F40: =(F2/B2)*100 -> 24.052133 | G40: =(G2/B2)*100 -> 4.0876777 | H40: =(H2/B2)*100 -> 18.483412 | I40: =(I2/B2)*100 -> 2.1919431 | J40: =(J2/B2)*100 -> 21.267773 | K40: =(K2/B2)*100 -> 3.5545024 | L40: =(L2/B2)*100 -> 10.485782 | M40: =(M2/CA2)*100 -> 0.86521913 | N40: =(N2/M2)*100 -> 71.934605 | O40: =(O2/M2)*100 -> 28.065395 | P40: =(P2/CA2)*100 -> 3.5716812 | Q40: =(Q2/P2)*100 -> 0.85808581 | R40: =(R2/P2)*100 -> 2.8382838 | S40: =(S2/P2)*100 -> 7.3267327 | T40: =(T2/P2)*100 -> 31.881188 | U40: =(U2/P2)*100 -> 15.313531 | V40: =(V2/P2)*100 -> 12.211221 | W40: =(W2/P2)*100 -> 17.557756 | X40: =(X2/P2)*100 -> 5.3465347 | Y40: =(Y2/P2)*100 -> 6.8646865 | Z40: =(Z2/CA2)*100 -> 4.0148997 | AA40: =(AA2/Z2)*100 -> 0.17615972 | AB40: =(AB2/Z2)*100 -> 99.412801 | AC40: =(AC2/Z2)*100 -> 0.17615972 | AD40: =(AD2/CA2)*100 -> 0.26168753 | AE40: =(AE2/AD2)*100 -> 0 | AF40: =(AF2/AD2)*100 -> 84.684685 | AG40: =(AG2/AD2)*100 -> 9.9099099 | AH40: =(AH2/CA2)*100 -> 10.934295 | AI40: =(AI2/AH2)*100 -> 25.269513 | AJ40: =(AJ2/AH2)*100 -> 12.807245 | AK40: =(AK2/AH2)*100 -> 4.3122035 | AL40: =(AL2/AH2)*100 -> 14.812419 | AM40: =(AM2/AH2)*100 -> 5.8214748 | AN40: =(AN2/AH2)*100 -> 3.686934 | AO40: =(AO2/AH2)*100 -> 12.871928 | AP40: =(AP2/AH2)*100 -> 9.0771884 | AQ40: =(AQ2/AH2)*100 -> 11.470461 | AR40: =(AR2/CA2)*100 -> 17.136997 | AS40: =(AS2/AR2)*100 -> 2.0635576 | AT40: =(AT2/AR2)*100 -> 8.5431284 | AU40: =(AU2/AR2)*100 -> 2.9440088 | AV40: =(AV2/AR2)*100 -> 16.673545 | AW40: =(AW2/AR2)*100 -> 26.289723 | AX40: =(AX2/AR2)*100 -> 12.17499 | AY40: =(AY2/AR2)*100 -> 12.271289 | AZ40: =(AZ2/AR2)*100 -> 4.085844 | BA40: =(BA2/AR2)*100 -> 14.981428 | BB40: =(BB2/CA2)*100 -> 42.164698 | BC40: =(BC2/BB2)*100 -> 6.2790048 | BD40: =(BD2/BB2)*100 -> 11.915013 | BE40: =(BE2/BB2)*100 -> 1.9793123 | BF40: =(BF2/BB2)*100 -> 13.005312 | BG40: =(BG2/BB2)*100 -> 16.209114 | BH40: =(BH2/BB2)*100 -> 8.6273413 | BI40: =(BI2/BB2)*100 -> 12.373497 | BJ40: =(BJ2/BB2)*100 -> 21.537601 | BK40: =(BK2/BB2)*100 -> 8.057031 | BL40: =(BL2/CA2)*100 -> 14.043897 | BM40: =(BM2/BL2)*100 -> 1.9472889 | BN40: =(BN2/BL2)*100 -> 4.2135303 | BO40: =(BO2/BL2)*100 -> 2.9377203 | BP40: =(BP2/BL2)*100 -> 11.750881 | BQ40: =(BQ2/BL2)*100 -> 5.1032399 | BR40: =(BR2/BL2)*100 -> 16.669464 | BS40: =(BS2/BL2)*100 -> 12.808461 | BT40: =(BT2/BL2)*100 -> 44.602988 | BU40: =(BU2/CA2)*100 -> 3.0365184 | BV40: =(BV2/BU2)*100 -> 72.593168 | BW40: =(BW2/BU2)*100 -> 1.3198758 | BX40: =(BX2/BU2)*100 -> 0 | BY40: =(BY2/BU2)*100 -> 8.0745342 | BZ40: =(BZ2/BU2)*100 -> 17.779503
A41: Y2027 | B41: =(B3/CA3)*100 -> 3.7291937 | C41: =(C3/B3)*100 -> 7.8278901 | D41: =(D3/B3)*100 -> 1.55521 | E41: =(E3/B3)*100 -> 4.9766719 | F41: =(F3/B3)*100 -> 22.861586 | G41: =(G3/B3)*100 -> 4.4582685 | H41: =(H3/B3)*100 -> 21.669259 | I41: =(I3/B3)*100 -> 2.5401763 | J41: =(J3/B3)*100 -> 18.506998 | K41: =(K3/B3)*100 -> 3.4733022 | L41: =(L3/B3)*100 -> 12.078797 | M41: =(M3/CA3)*100 -> 0.75589151 | N41: =(N3/M3)*100 -> 76.214834 | O41: =(O3/M3)*100 -> 22.506394 | P41: =(P3/CA3)*100 -> 3.1008951 | Q41: =(Q3/P3)*100 -> 0.6234414 | R41: =(R3/P3)*100 -> 2.0573566 | S41: =(S3/P3)*100 -> 6.4214464 | T41: =(T3/P3)*100 -> 35.598504 | U41: =(U3/P3)*100 -> 14.900249 | V41: =(V3/P3)*100 -> 9.9127182 | W41: =(W3/P3)*100 -> 15.9601 | X41: =(X3/P3)*100 -> 7.3566085 | Y41: =(Y3/P3)*100 -> 7.4189526 | Z41: =(Z3/CA3)*100 -> 5.1114505 | AA41: =(AA3/Z3)*100 -> 0.8698941 | AB41: =(AB3/Z3)*100 -> 98.789713 | AC41: =(AC3/Z3)*100 -> 0.30257186 | AD41: =(AD3/CA3)*100 -> 0.23392039 | AE41: =(AE3/AD3)*100 -> 0.82644628 | AF41: =(AF3/AD3)*100 -> 88.429752 | AG41: =(AG3/AD3)*100 -> 9.9173554 | AH41: =(AH3/CA3)*100 -> 10.031512 | AI41: =(AI3/AH3)*100 -> 21.641935 | AJ41: =(AJ3/AH3)*100 -> 14.646367 | AK41: =(AK3/AH3)*100 -> 4.4902679 | AL41: =(AL3/AH3)*100 -> 14.241665 | AM41: =(AM3/AH3)*100 -> 6.3017923 | AN41: =(AN3/AH3)*100 -> 4.3746387 | AO41: =(AO3/AH3)*100 -> 13.470804 | AP41: =(AP3/AH3)*100 -> 9.3081519 | AQ41: =(AQ3/AH3)*100 -> 11.505107 | AR41: =(AR3/CA3)*100 -> 16.587082 | AS41: =(AS3/AR3)*100 -> 1.7016317 | AT41: =(AT3/AR3)*100 -> 8.5547786 | AU41: =(AU3/AR3)*100 -> 2.8321678 | AV41: =(AV3/AR3)*100 -> 15.641026 | AW41: =(AW3/AR3)*100 -> 23.834499 | AX41: =(AX3/AR3)*100 -> 12.564103 | AY41: =(AY3/AR3)*100 -> 14.195804 | AZ41: =(AZ3/AR3)*100 -> 4.8251748 | BA41: =(BA3/AR3)*100 -> 15.839161 | BB41: =(BB3/CA3)*100 -> 45.339958 | BC41: =(BC3/BB3)*100 -> 5.2871701 | BD41: =(BD3/BB3)*100 -> 11.734107 | BE41: =(BE3/BB3)*100 -> 1.6543726 | BF41: =(BF3/BB3)*100 -> 12.326781 | BG41: =(BG3/BB3)*100 -> 15.055643 | BH41: =(BH3/BB3)*100 -> 8.0160321 | BI41: =(BI3/BB3)*100 -> 11.175543 | BJ41: =(BJ3/BB3)*100 -> 23.011981 | BK41: =(BK3/BB3)*100 -> 11.751162 | BL41: =(BL3/CA3)*100 -> 13.173004 | BM41: =(BM3/BL3)*100 -> 2.0545935 | BN41: =(BN3/BL3)*100 -> 4.9750514 | BO41: =(BO3/BL3)*100 -> 3.1552686 | BP41: =(BP3/BL3)*100 -> 12.444966 | BQ41: =(BQ3/BL3)*100 -> 5.0190784 | BR41: =(BR3/BL3)*100 -> 16.70091 | BS41: =(BS3/BL3)*100 -> 11.828588 | BT41: =(BT3/BL3)*100 -> 43.806868 | BU41: =(BU3/CA3)*100 -> 1.9293599 | BV41: =(BV3/BU3)*100 -> 65.230461 | BW41: =(BW3/BU3)*100 -> 2.50501 | BX41: =(BX3/BU3)*100 -> 0.3006012 | BY41: =(BY3/BU3)*100 -> 18.937876 | BZ41: =(BZ3/BU3)*100 -> 12.725451
A42: Y2028 | B42: =(B4/CA4)*100 -> 3.8427562 | C42: =(C4/B4)*100 -> 6.3218391 | D42: =(D4/B4)*100 -> 1.4629049 | E42: =(E4/B4)*100 -> 6.0083595 | F42: =(F4/B4)*100 -> 22.884013 | G42: =(G4/B4)*100 -> 5.276907 | H42: =(H4/B4)*100 -> 20.271682 | I42: =(I4/B4)*100 -> 3.1870428 | J42: =(J4/B4)*100 -> 16.509927 | K42: =(K4/B4)*100 -> 3.6050157 | L42: =(L4/B4)*100 -> 14.524556 | M42: =(M4/CA4)*100 -> 0.80910697 | N42: =(N4/M4)*100 -> 74.689826 | O42: =(O4/M4)*100 -> 25.310174 | P42: =(P4/CA4)*100 -> 2.8168166 | Q42: =(Q4/P4)*100 -> 0.99786172 | R42: =(R4/P4)*100 -> 3.7776194 | S42: =(S4/P4)*100 -> 5.9158945 | T42: =(T4/P4)*100 -> 32.501782 | U42: =(U4/P4)*100 -> 14.754098 | V42: =(V4/P4)*100 -> 10.049893 | W42: =(W4/P4)*100 -> 13.257306 | X42: =(X4/P4)*100 -> 10.548824 | Y42: =(Y4/P4)*100 -> 8.339273 | Z42: =(Z4/CA4)*100 -> 5.6436717 | AA42: =(AA4/Z4)*100 -> 0.10672359 | AB42: =(AB4/Z4)*100 -> 99.146211 | AC42: =(AC4/Z4)*100 -> 0.56919246 | AD42: =(AD4/CA4)*100 -> 0.2509637 | AE42: =(AE4/AD4)*100 -> 0 | AF42: =(AF4/AD4)*100 -> 88 | AG42: =(AG4/AD4)*100 -> 9.6 | AH42: =(AH4/CA4)*100 -> 10.29955 | AI42: =(AI4/AH4)*100 -> 19.181287 | AJ42: =(AJ4/AH4)*100 -> 13.547758 | AK42: =(AK4/AH4)*100 -> 4.4639376 | AL42: =(AL4/AH4)*100 -> 17.621832 | AM42: =(AM4/AH4)*100 -> 6.6081871 | AN42: =(AN4/AH4)*100 -> 5.0877193 | AO42: =(AO4/AH4)*100 -> 11.949318 | AP42: =(AP4/AH4)*100 -> 8.9473684 | AQ42: =(AQ4/AH4)*100 -> 12.573099 | AR42: =(AR4/CA4)*100 -> 15.32284 | AS42: =(AS4/AR4)*100 -> 1.6771488 | AT42: =(AT4/AR4)*100 -> 9.2112159 | AU42: =(AU4/AR4)*100 -> 2.8957023 | AV42: =(AV4/AR4)*100 -> 16.44392 | AW42: =(AW4/AR4)*100 -> 24.318658 | AX42: =(AX4/AR4)*100 -> 13.050314 | AY42: =(AY4/AR4)*100 -> 10.927673 | AZ42: =(AZ4/AR4)*100 -> 4.8873166 | BA42: =(BA4/AR4)*100 -> 16.522537 | BB42: =(BB4/CA4)*100 -> 44.934549 | BC42: =(BC4/BB4)*100 -> 6.0810509 | BD42: =(BD4/BB4)*100 -> 10.928913 | BE42: =(BE4/BB4)*100 -> 1.5816988 | BF42: =(BF4/BB4)*100 -> 12.461463 | BG42: =(BG4/BB4)*100 -> 15.468478 | BH42: =(BH4/BB4)*100 -> 7.9442384 | BI42: =(BI4/BB4)*100 -> 11.684018 | BJ42: =(BJ4/BB4)*100 -> 21.558465 | BK42: =(BK4/BB4)*100 -> 12.291676 | BL42: =(BL4/CA4)*100 -> 13.891343 | BM42: =(BM4/BL4)*100 -> 2.0089608 | BN42: =(BN4/BL4)*100 -> 4.5382281 | BO42: =(BO4/BL4)*100 -> 3.0206677 | BP42: =(BP4/BL4)*100 -> 13.210001 | BQ42: =(BQ4/BL4)*100 -> 5.1886111 | BR42: =(BR4/BL4)*100 -> 16.693164 | BS42: =(BS4/BL4)*100 -> 11.360023 | BT42: =(BT4/BL4)*100 -> 43.965891 | BU42: =(BU4/CA4)*100 -> 2.1884035 | BV42: =(BV4/BU4)*100 -> 45.229358 | BW42: =(BW4/BU4)*100 -> 2.5688073 | BX42: =(BX4/BU4)*100 -> 0.64220183 | BY42: =(BY4/BU4)*100 -> 39.174312 | BZ42: =(BZ4/BU4)*100 -> 12.568807
A43: Y2029 | B43: =(B5/CA5)*100 -> 4.0285076 | C43: =(C5/B5)*100 -> 3.0984508 | D43: =(D5/B5)*100 -> 1.9990005 | E43: =(E5/B5)*100 -> 6.6466767 | F43: =(F5/B5)*100 -> 22.638681 | G43: =(G5/B5)*100 -> 5.3973013 | H43: =(H5/B5)*100 -> 21.63918 | I43: =(I5/B5)*100 -> 2.8485757 | J43: =(J5/B5)*100 -> 15.492254 | K43: =(K5/B5)*100 -> 4.2478761 | L43: =(L5/B5)*100 -> 16.391804 | M43: =(M5/CA5)*100 -> 0.77912665 | N43: =(N5/M5)*100 -> 73.901809 | O43: =(O5/M5)*100 -> 26.356589 | P43: =(P5/CA5)*100 -> 2.4118701 | Q43: =(Q5/P5)*100 -> 0.75125209 | R43: =(R5/P5)*100 -> 4.8414023 | S43: =(S5/P5)*100 -> 6.5943239 | T43: =(T5/P5)*100 -> 36.477462 | U43: =(U5/P5)*100 -> 10.851419 | V43: =(V5/P5)*100 -> 11.185309 | W43: =(W5/P5)*100 -> 10.267112 | X43: =(X5/P5)*100 -> 9.5993322 | Y43: =(Y5/P5)*100 -> 9.1819699 | Z43: =(Z5/CA5)*100 -> 5.9451189 | AA43: =(AA5/Z5)*100 -> 0.13545547 | AB43: =(AB5/Z5)*100 -> 99.492042 | AC43: =(AC5/Z5)*100 -> 0.23704707 | AD43: =(AD5/CA5)*100 -> 0.27984136 | AE43: =(AE5/AD5)*100 -> 0 | AF43: =(AF5/AD5)*100 -> 89.208633 | AG43: =(AG5/AD5)*100 -> 9.352518 | AH43: =(AH5/CA5)*100 -> 10.575587 | AI43: =(AI5/AH5)*100 -> 19.874358 | AJ43: =(AJ5/AH5)*100 -> 13.66838 | AK43: =(AK5/AH5)*100 -> 4.6640015 | AL43: =(AL5/AH5)*100 -> 17.837426 | AM43: =(AM5/AH5)*100 -> 6.6628593 | AN43: =(AN5/AH5)*100 -> 5.4064344 | AO43: =(AO5/AH5)*100 -> 11.460118 | AP43: =(AP5/AH5)*100 -> 8.6426804 | AQ43: =(AQ5/AH5)*100 -> 11.764706 | AR43: =(AR5/CA5)*100 -> 15.260414 | AS43: =(AS5/AR5)*100 -> 1.5567282 | AT43: =(AT5/AR5)*100 -> 9.2875989 | AU43: =(AU5/AR5)*100 -> 2.9683377 | AV43: =(AV5/AR5)*100 -> 15.949868 | AW43: =(AW5/AR5)*100 -> 25.158311 | AX43: =(AX5/AR5)*100 -> 12.203166 | AY43: =(AY5/AR5)*100 -> 11.807388 | AZ43: =(AZ5/AR5)*100 -> 4.8944591 | BA43: =(BA5/AR5)*100 -> 16.108179 | BB43: =(BB5/CA5)*100 -> 44.059914 | BC43: =(BC5/BB5)*100 -> 5.9904044 | BD43: =(BD5/BB5)*100 -> 9.2437743 | BE43: =(BE5/BB5)*100 -> 1.439342 | BF43: =(BF5/BB5)*100 -> 12.629655 | BG43: =(BG5/BB5)*100 -> 15.563171 | BH43: =(BH5/BB5)*100 -> 8.3299063 | BI43: =(BI5/BB5)*100 -> 12.085904 | BJ43: =(BJ5/BB5)*100 -> 19.556774 | BK43: =(BK5/BB5)*100 -> 15.165639 | BL43: =(BL5/CA5)*100 -> 14.664492 | BM43: =(BM5/BL5)*100 -> 2.114223 | BN43: =(BN5/BL5)*100 -> 4.1323449 | BO43: =(BO5/BL5)*100 -> 3.0340472 | BP43: =(BP5/BL5)*100 -> 14.099396 | BQ43: =(BQ5/BL5)*100 -> 5.2718287 | BR43: =(BR5/BL5)*100 -> 17.037342 | BS43: =(BS5/BL5)*100 -> 10.886875 | BT43: =(BT5/BL5)*100 -> 43.382757 | BU43: =(BU5/CA5)*100 -> 2.0072074 | BV43: =(BV5/BU5)*100 -> 2.8084253 | BW43: =(BW5/BU5)*100 -> 1.1033099 | BX43: =(BX5/BU5)*100 -> 0 | BY43: =(BY5/BU5)*100 -> 86.860582 | BZ43: =(BZ5/BU5)*100 -> 9.327984
A44: Y2030 | B44: =(B6/CA6)*100 -> 3.8625063 | C44: =(C6/B6)*100 -> 2.7518657 | D44: =(D6/B6)*100 -> 1.8190299 | E44: =(E6/B6)*100 -> 7.0895522 | F44: =(F6/B6)*100 -> 22.527985 | G44: =(G6/B6)*100 -> 6.1100746 | H44: =(H6/B6)*100 -> 22.154851 | I44: =(I6/B6)*100 -> 3.4048507 | J44: =(J6/B6)*100 -> 15.298507 | K44: =(K6/B6)*100 -> 3.2649254 | L44: =(L6/B6)*100 -> 15.764925 | M44: =(M6/CA6)*100 -> 0.74583844 | N44: =(N6/M6)*100 -> 73.188406 | O44: =(O6/M6)*100 -> 25.845411 | P44: =(P6/CA6)*100 -> 2.565396 | Q44: =(Q6/P6)*100 -> 0 | R44: =(R6/P6)*100 -> 4.0730337 | S44: =(S6/P6)*100 -> 6.5308989 | T44: =(T6/P6)*100 -> 36.235955 | U44: =(U6/P6)*100 -> 10.744382 | V44: =(V6/P6)*100 -> 9.9719101 | W44: =(W6/P6)*100 -> 10.814607 | X44: =(X6/P6)*100 -> 11.938202 | Y44: =(Y6/P6)*100 -> 9.3398876 | Z44: =(Z6/CA6)*100 -> 5.8442026 | AA44: =(AA6/Z6)*100 -> 0.1541307 | AB44: =(AB6/Z6)*100 -> 99.321825 | AC44: =(AC6/Z6)*100 -> 0.46239211 | AD44: =(AD6/CA6)*100 -> 0.31707141 | AE44: =(AE6/AD6)*100 -> 0 | AF44: =(AF6/AD6)*100 -> 88.636364 | AG44: =(AG6/AD6)*100 -> 10.227273 | AH44: =(AH6/CA6)*100 -> 11.210997 | AI44: =(AI6/AH6)*100 -> 20.633135 | AJ44: =(AJ6/AH6)*100 -> 11.248594 | AK44: =(AK6/AH6)*100 -> 4.9011731 | AL44: =(AL6/AH6)*100 -> 20.48851 | AM44: =(AM6/AH6)*100 -> 7.0384059 | AN44: =(AN6/AH6)*100 -> 4.9815202 | AO44: =(AO6/AH6)*100 -> 10.445123 | AP44: =(AP6/AH6)*100 -> 8.532862 | AQ44: =(AQ6/AH6)*100 -> 11.682468 | AR44: =(AR6/CA6)*100 -> 15.201412 | AS44: =(AS6/AR6)*100 -> 1.5643517 | AT44: =(AT6/AR6)*100 -> 9.2557478 | AU44: =(AU6/AR6)*100 -> 2.9035316 | AV44: =(AV6/AR6)*100 -> 16.437544 | AW44: =(AW6/AR6)*100 -> 24.768903 | AX44: =(AX6/AR6)*100 -> 12.135577 | AY44: =(AY6/AR6)*100 -> 10.144584 | AZ44: =(AZ6/AR6)*100 -> 5.2145058 | BA44: =(BA6/AR6)*100 -> 17.515999 | BB44: =(BB6/CA6)*100 -> 42.761404 | BC44: =(BC6/BB6)*100 -> 5.6664981 | BD44: =(BD6/BB6)*100 -> 9.900573 | BE44: =(BE6/BB6)*100 -> 1.3228851 | BF44: =(BF6/BB6)*100 -> 12.184024 | BG44: =(BG6/BB6)*100 -> 16.637176 | BH44: =(BH6/BB6)*100 -> 9.2180654 | BI44: =(BI6/BB6)*100 -> 13.030839 | BJ44: =(BJ6/BB6)*100 -> 23.491743 | BK44: =(BK6/BB6)*100 -> 8.5313448 | BL44: =(BL6/CA6)*100 -> 15.334727 | BM44: =(BM6/BL6)*100 -> 1.950188 | BN44: =(BN6/BL6)*100 -> 4.0178571 | BO44: =(BO6/BL6)*100 -> 3.2072368 | BP44: =(BP6/BL6)*100 -> 14.191729 | BQ44: =(BQ6/BL6)*100 -> 5.6508459 | BR44: =(BR6/BL6)*100 -> 16.964286 | BS44: =(BS6/BL6)*100 -> 10.9375 | BT44: =(BT6/BL6)*100 -> 43.115602 | BU44: =(BU6/CA6)*100 -> 2.160049 | BV44: =(BV6/BU6)*100 -> 2.2518766 | BW44: =(BW6/BU6)*100 -> 0.083402836 | BX44: =(BX6/BU6)*100 -> 0 | BY44: =(BY6/BU6)*100 -> 92.076731 | BZ44: =(BZ6/BU6)*100 -> 5.5045872
A45: Y2031 | B45: =(B7/CA7)*100 -> 3.8235341 | C45: =(C7/B7)*100 -> 2.7242246 | D45: =(D7/B7)*100 -> 1.6345348 | E45: =(E7/B7)*100 -> 6.6638726 | F45: =(F7/B7)*100 -> 22.548198 | G45: =(G7/B7)*100 -> 5.8256496 | H45: =(H7/B7)*100 -> 20.997485 | I45: =(I7/B7)*100 -> 3.0595138 | J45: =(J7/B7)*100 -> 15.004191 | K45: =(K7/B7)*100 -> 3.6462699 | L45: =(L7/B7)*100 -> 17.686505 | M45: =(M7/CA7)*100 -> 0.72752913 | N45: =(N7/M7)*100 -> 70.044053 | O45: =(O7/M7)*100 -> 29.295154 | P45: =(P7/CA7)*100 -> 2.4790475 | Q45: =(Q7/P7)*100 -> 0.25856496 | R45: =(R7/P7)*100 -> 4.2016807 | S45: =(S7/P7)*100 -> 7.1751778 | T45: =(T7/P7)*100 -> 42.146089 | U45: =(U7/P7)*100 -> 9.114415 | V45: =(V7/P7)*100 -> 9.8901099 | W45: =(W7/P7)*100 -> 8.9851325 | X45: =(X7/P7)*100 -> 8.2740789 | Y45: =(Y7/P7)*100 -> 10.019392 | Z45: =(Z7/CA7)*100 -> 6.1247055 | AA45: =(AA7/Z7)*100 -> 0.41862899 | AB45: =(AB7/Z7)*100 -> 98.927263 | AC45: =(AC7/Z7)*100 -> 0.57561486 | AD45: =(AD7/CA7)*100 -> 0.31729244 | AE45: =(AE7/AD7)*100 -> 0 | AF45: =(AF7/AD7)*100 -> 90.40404 | AG45: =(AG7/AD7)*100 -> 8.5858586 | AH45: =(AH7/CA7)*100 -> 10.961011 | AI45: =(AI7/AH7)*100 -> 21.798246 | AJ45: =(AJ7/AH7)*100 -> 8.5087719 | AK45: =(AK7/AH7)*100 -> 4.8976608 | AL45: =(AL7/AH7)*100 -> 20.365497 | AM45: =(AM7/AH7)*100 -> 7.1783626 | AN45: =(AN7/AH7)*100 -> 5.497076 | AO45: =(AO7/AH7)*100 -> 10.643275 | AP45: =(AP7/AH7)*100 -> 8.8596491 | AQ45: =(AQ7/AH7)*100 -> 12.295322 | AR45: =(AR7/CA7)*100 -> 14.643527 | AS45: =(AS7/AR7)*100 -> 1.499234 | AT45: =(AT7/AR7)*100 -> 9.6629459 | AU45: =(AU7/AR7)*100 -> 2.9984679 | AV45: =(AV7/AR7)*100 -> 16.250821 | AW45: =(AW7/AR7)*100 -> 24.162837 | AX45: =(AX7/AR7)*100 -> 11.35916 | AY45: =(AY7/AR7)*100 -> 11.35916 | AZ45: =(AZ7/AR7)*100 -> 5.2090173 | BA45: =(BA7/AR7)*100 -> 17.487415 | BB45: =(BB7/CA7)*100 -> 44.050767 | BC45: =(BC7/BB7)*100 -> 6.0569682 | BD45: =(BD7/BB7)*100 -> 9.8839536 | BE45: =(BE7/BB7)*100 -> 1.1786533 | BF45: =(BF7/BB7)*100 -> 12.459529 | BG45: =(BG7/BB7)*100 -> 16.646659 | BH45: =(BH7/BB7)*100 -> 9.0508931 | BI45: =(BI7/BB7)*100 -> 13.649096 | BJ45: =(BJ7/BB7)*100 -> 24.355197 | BK45: =(BK7/BB7)*100 -> 6.7081378 | BL45: =(BL7/CA7)*100 -> 15.090621 | BM45: =(BM7/BL7)*100 -> 1.9326749 | BN45: =(BN7/BL7)*100 -> 3.9184454 | BO45: =(BO7/BL7)*100 -> 2.8883933 | BP45: =(BP7/BL7)*100 -> 15.440161 | BQ45: =(BQ7/BL7)*100 -> 5.468833 | BR45: =(BR7/BL7)*100 -> 17.500265 | BS45: =(BS7/BL7)*100 -> 10.873951 | BT45: =(BT7/BL7)*100 -> 42.019752 | BU45: =(BU7/CA7)*100 -> 1.7755557 | BV45: =(BV7/BU7)*100 -> 3.3393502 | BW45: =(BW7/BU7)*100 -> 0.090252708 | BX45: =(BX7/BU7)*100 -> 0 | BY45: =(BY7/BU7)*100 -> 90.523466 | BZ45: =(BZ7/BU7)*100 -> 6.1371841
A46: Y2032 | B46: =(B8/CA8)*100 -> 3.7886019 | C46: =(C8/B8)*100 -> 3.1395349 | D46: =(D8/B8)*100 -> 1.627907 | E46: =(E8/B8)*100 -> 6.2403101 | F46: =(F8/B8)*100 -> 22.55814 | G46: =(G8/B8)*100 -> 5.7364341 | H46: =(H8/B8)*100 -> 19.534884 | I46: =(I8/B8)*100 -> 2.9069767 | J46: =(J8/B8)*100 -> 16.937984 | K46: =(K8/B8)*100 -> 4.1472868 | L46: =(L8/B8)*100 -> 17.286822 | M46: =(M8/CA8)*100 -> 0.73422517 | N46: =(N8/M8)*100 -> 67.6 | O46: =(O8/M8)*100 -> 32.6 | P46: =(P8/CA8)*100 -> 2.4229431 | Q46: =(Q8/P8)*100 -> 0.24242424 | R46: =(R8/P8)*100 -> 6.3636364 | S46: =(S8/P8)*100 -> 7.7575758 | T46: =(T8/P8)*100 -> 36.666667 | U46: =(U8/P8)*100 -> 7.9393939 | V46: =(V8/P8)*100 -> 10.545455 | W46: =(W8/P8)*100 -> 9.8787879 | X46: =(X8/P8)*100 -> 10.242424 | Y46: =(Y8/P8)*100 -> 10.363636 | Z46: =(Z8/CA8)*100 -> 4.7930219 | AA46: =(AA8/Z8)*100 -> 0.79656863 | AB46: =(AB8/Z8)*100 -> 98.406863 | AC46: =(AC8/Z8)*100 -> 0.79656863 | AD46: =(AD8/CA8)*100 -> 0.30984302 | AE46: =(AE8/AD8)*100 -> 0.9478673 | AF46: =(AF8/AD8)*100 -> 88.625592 | AG46: =(AG8/AD8)*100 -> 9.478673 | AH46: =(AH8/CA8)*100 -> 10.800452 | AI46: =(AI8/AH8)*100 -> 23.195105 | AJ46: =(AJ8/AH8)*100 -> 6.2814412 | AK46: =(AK8/AH8)*100 -> 4.8266485 | AL46: =(AL8/AH8)*100 -> 20.448674 | AM46: =(AM8/AH8)*100 -> 7.4371176 | AN46: =(AN8/AH8)*100 -> 6.0231135 | AO46: =(AO8/AH8)*100 -> 10.931339 | AP46: =(AP8/AH8)*100 -> 9.0550646 | AQ46: =(AQ8/AH8)*100 -> 11.85588 | AR46: =(AR8/CA8)*100 -> 14.709467 | AS46: =(AS8/AR8)*100 -> 1.5573525 | AT46: =(AT8/AR8)*100 -> 9.9630628 | AU46: =(AU8/AR8)*100 -> 3.0448238 | AV46: =(AV8/AR8)*100 -> 16.362184 | AW46: =(AW8/AR8)*100 -> 23.639812 | AX46: =(AX8/AR8)*100 -> 11.420585 | AY46: =(AY8/AR8)*100 -> 10.991315 | AZ46: =(AZ8/AR8)*100 -> 5.870021 | BA46: =(BA8/AR8)*100 -> 17.17081 | BB46: =(BB8/CA8)*100 -> 46.151926 | BC46: =(BC8/BB8)*100 -> 5.5967419 | BD46: =(BD8/BB8)*100 -> 10.63031 | BE46: =(BE8/BB8)*100 -> 1.3872538 | BF46: =(BF8/BB8)*100 -> 12.447103 | BG46: =(BG8/BB8)*100 -> 16.548411 | BH46: =(BH8/BB8)*100 -> 9.1444208 | BI46: =(BI8/BB8)*100 -> 13.920265 | BJ46: =(BJ8/BB8)*100 -> 25.336473 | BK46: =(BK8/BB8)*100 -> 4.9826593 | BL46: =(BL8/CA8)*100 -> 15.022247 | BM46: =(BM8/BL8)*100 -> 2.0136852 | BN46: =(BN8/BL8)*100 -> 4.1544477 | BO46: =(BO8/BL8)*100 -> 3.0694037 | BP46: =(BP8/BL8)*100 -> 15.12219 | BQ46: =(BQ8/BL8)*100 -> 5.4447703 | BR46: =(BR8/BL8)*100 -> 17.223851 | BS46: =(BS8/BL8)*100 -> 11.143695 | BT46: =(BT8/BL8)*100 -> 41.818182 | BU46: =(BU8/CA8)*100 -> 1.2687411 | BV46: =(BV8/BU8)*100 -> 2.8935185 | BW46: =(BW8/BU8)*100 -> 0.11574074 | BX46: =(BX8/BU8)*100 -> 0 | BY46: =(BY8/BU8)*100 -> 89.467593 | BZ46: =(BZ8/BU8)*100 -> 7.1759259
A47: Y2033 | B47: =(B9/CA9)*100 -> 3.8002298 | C47: =(C9/B9)*100 -> 3.6005435 | D47: =(D9/B9)*100 -> 1.732337 | E47: =(E9/B9)*100 -> 6.2839674 | F47: =(F9/B9)*100 -> 20.3125 | G47: =(G9/B9)*100 -> 7.4048913 | H47: =(H9/B9)*100 -> 19.53125 | I47: =(I9/B9)*100 -> 2.9891304 | J47: =(J9/B9)*100 -> 17.83288 | K47: =(K9/B9)*100 -> 3.5326087 | L47: =(L9/B9)*100 -> 16.881793 | M47: =(M9/CA9)*100 -> 0.64929197 | N47: =(N9/M9)*100 -> 67.793241 | O47: =(O9/M9)*100 -> 32.405567 | P47: =(P9/CA9)*100 -> 2.2602589 | Q47: =(Q9/P9)*100 -> 0.057110223 | R47: =(R9/P9)*100 -> 7.4814392 | S47: =(S9/P9)*100 -> 9.480297 | T47: =(T9/P9)*100 -> 29.811536 | U47: =(U9/P9)*100 -> 11.707596 | V47: =(V9/P9)*100 -> 10.394061 | W47: =(W9/P9)*100 -> 8.966305 | X47: =(X9/P9)*100 -> 10.394061 | Y47: =(Y9/P9)*100 -> 11.422045 | Z47: =(Z9/CA9)*100 -> 5.0174909 | AA47: =(AA9/Z9)*100 -> 0.36017494 | AB47: =(AB9/Z9)*100 -> 98.353486 | AC47: =(AC9/Z9)*100 -> 1.2863391 | AD47: =(AD9/CA9)*100 -> 0.32400057 | AE47: =(AE9/AD9)*100 -> 0.79681275 | AF47: =(AF9/AD9)*100 -> 90.039841 | AG47: =(AG9/AD9)*100 -> 9.1633466 | AH47: =(AH9/CA9)*100 -> 11.098633 | AI47: =(AI9/AH9)*100 -> 21.656199 | AJ47: =(AJ9/AH9)*100 -> 9.2695976 | AK47: =(AK9/AH9)*100 -> 4.3033264 | AL47: =(AL9/AH9)*100 -> 19.667365 | AM47: =(AM9/AH9)*100 -> 6.9551058 | AN47: =(AN9/AH9)*100 -> 6.7922773 | AO47: =(AO9/AH9)*100 -> 11.398 | AP47: =(AP9/AH9)*100 -> 9.0020935 | AQ47: =(AQ9/AH9)*100 -> 10.967667 | AR47: =(AR9/CA9)*100 -> 14.649731 | AS47: =(AS9/AR9)*100 -> 1.4803066 | AT47: =(AT9/AR9)*100 -> 9.5515023 | AU47: =(AU9/AR9)*100 -> 2.8813111 | AV47: =(AV9/AR9)*100 -> 18.045643 | AW47: =(AW9/AR9)*100 -> 21.288219 | AX47: =(AX9/AR9)*100 -> 10.670544 | AY47: =(AY9/AR9)*100 -> 12.855758 | AZ47: =(AZ9/AR9)*100 -> 6.0710195 | BA47: =(BA9/AR9)*100 -> 17.190942 | BB47: =(BB9/CA9)*100 -> 46.978792 | BC47: =(BC9/BB9)*100 -> 5.069517 | BD47: =(BD9/BB9)*100 -> 10.75452 | BE47: =(BE9/BB9)*100 -> 1.5332198 | BF47: =(BF9/BB9)*100 -> 12.032203 | BG47: =(BG9/BB9)*100 -> 16.401055 | BH47: =(BH9/BB9)*100 -> 10.122548 | BI47: =(BI9/BB9)*100 -> 14.557345 | BJ47: =(BJ9/BB9)*100 -> 23.171402 | BK47: =(BK9/BB9)*100 -> 6.3554432 | BL47: =(BL9/CA9)*100 -> 14.151467 | BM47: =(BM9/BL9)*100 -> 1.9885068 | BN47: =(BN9/BL9)*100 -> 4.168567 | BO47: =(BO9/BL9)*100 -> 3.2746511 | BP47: =(BP9/BL9)*100 -> 15.534069 | BQ47: =(BQ9/BL9)*100 -> 5.1810636 | BR47: =(BR9/BL9)*100 -> 17.212442 | BS47: =(BS9/BL9)*100 -> 11.219557 | BT47: =(BT9/BL9)*100 -> 41.421144 | BU47: =(BU9/CA9)*100 -> 1.0688146 | BV47: =(BV9/BU9)*100 -> 3.2608696 | BW47: =(BW9/BU9)*100 -> 0.12077295 | BX47: =(BX9/BU9)*100 -> 0 | BY47: =(BY9/BU9)*100 -> 88.285024 | BZ47: =(BZ9/BU9)*100 -> 8.2125604
A48: Y2034 | B48: =(B10/CA10)*100 -> 3.7214641 | C48: =(C10/B10)*100 -> 3.1528444 | D48: =(D10/B10)*100 -> 1.9191227 | E48: =(E10/B10)*100 -> 6.8882796 | F48: =(F10/B10)*100 -> 20.733379 | G48: =(G10/B10)*100 -> 5.6545579 | H48: =(H10/B10)*100 -> 20.459219 | I48: =(I10/B10)*100 -> 2.9814942 | J48: =(J10/B10)*100 -> 16.586703 | K48: =(K10/B10)*100 -> 3.598355 | L48: =(L10/B10)*100 -> 18.060315 | M48: =(M10/CA10)*100 -> 0.65170259 | N48: =(N10/M10)*100 -> 66.731898 | O48: =(O10/M10)*100 -> 33.268102 | P48: =(P10/CA10)*100 -> 1.9283255 | Q48: =(Q10/P10)*100 -> 0 | R48: =(R10/P10)*100 -> 6.6137566 | S48: =(S10/P10)*100 -> 9.5238095 | T48: =(T10/P10)*100 -> 27.71164 | U48: =(U10/P10)*100 -> 10.251323 | V48: =(V10/P10)*100 -> 10.978836 | W48: =(W10/P10)*100 -> 8.6640212 | X48: =(X10/P10)*100 -> 11.309524 | Y48: =(Y10/P10)*100 -> 14.351852 | Z48: =(Z10/CA10)*100 -> 6.2492029 | AA48: =(AA10/Z10)*100 -> 0.30612245 | AB48: =(AB10/Z10)*100 -> 97.959184 | AC48: =(AC10/Z10)*100 -> 1.6938776 | AD48: =(AD10/CA10)*100 -> 0.34051779 | AE48: =(AE10/AD10)*100 -> 1.4981273 | AF48: =(AF10/AD10)*100 -> 88.389513 | AG48: =(AG10/AD10)*100 -> 8.6142322 | AH48: =(AH10/CA10)*100 -> 11.575054 | AI48: =(AI10/AH10)*100 -> 22.113266 | AJ48: =(AJ10/AH10)*100 -> 8.7593654 | AK48: =(AK10/AH10)*100 -> 4.4513001 | AL48: =(AL10/AH10)*100 -> 21.342001 | AM48: =(AM10/AH10)*100 -> 6.8642574 | AN48: =(AN10/AH10)*100 -> 8.2194799 | AO48: =(AO10/AH10)*100 -> 9.5747025 | AP48: =(AP10/AH10)*100 -> 7.9219921 | AQ48: =(AQ10/AH10)*100 -> 10.775672 | AR48: =(AR10/CA10)*100 -> 13.532713 | AS48: =(AS10/AR10)*100 -> 1.498445 | AT48: =(AT10/AR10)*100 -> 10.54566 | AU48: =(AU10/AR10)*100 -> 3.0063142 | AV48: =(AV10/AR10)*100 -> 16.680803 | AW48: =(AW10/AR10)*100 -> 21.854679 | AX48: =(AX10/AR10)*100 -> 11.384412 | AY48: =(AY10/AR10)*100 -> 11.912167 | AZ48: =(AZ10/AR10)*100 -> 5.6639337 | BA48: =(BA10/AR10)*100 -> 17.444162 | BB48: =(BB10/CA10)*100 -> 46.944267 | BC48: =(BC10/BB10)*100 -> 5.5339727 | BD48: =(BD10/BB10)*100 -> 11.157597 | BE48: =(BE10/BB10)*100 -> 1.6463365 | BF48: =(BF10/BB10)*100 -> 12.407292 | BG48: =(BG10/BB10)*100 -> 15.979788 | BH48: =(BH10/BB10)*100 -> 10.117091 | BI48: =(BI10/BB10)*100 -> 13.855307 | BJ48: =(BJ10/BB10)*100 -> 22.39398 | BK48: =(BK10/BB10)*100 -> 6.9195034 | BL48: =(BL10/CA10)*100 -> 14.097692 | BM48: =(BM10/BL10)*100 -> 2.0354623 | BN48: =(BN10/BL10)*100 -> 4.478017 | BO48: =(BO10/BL10)*100 -> 3.1029492 | BP48: =(BP10/BL10)*100 -> 16.301791 | BQ48: =(BQ10/BL10)*100 -> 5.5183644 | BR48: =(BR10/BL10)*100 -> 17.115976 | BS48: =(BS10/BL10)*100 -> 11.226705 | BT48: =(BT10/BL10)*100 -> 40.229781 | BU48: =(BU10/CA10)*100 -> 0.95906134 | BV48: =(BV10/BU10)*100 -> 4.1223404 | BW48: =(BW10/BU10)*100 -> 1.1968085 | BX48: =(BX10/BU10)*100 -> 0 | BY48: =(BY10/BU10)*100 -> 85.505319 | BZ48: =(BZ10/BU10)*100 -> 9.0425532
A49: Y2035 | B49: =(B11/CA11)*100 -> 3.8228243 | C49: =(C11/B11)*100 -> 3.7629351 | D49: =(D11/B11)*100 -> 2.1636877 | E49: =(E11/B11)*100 -> 6.0520539 | F49: =(F11/B11)*100 -> 19.786767 | G49: =(G11/B11)*100 -> 6.3969897 | H49: =(H11/B11)*100 -> 18.501098 | I49: =(I11/B11)*100 -> 2.8222013 | J49: =(J11/B11)*100 -> 18.250235 | K49: =(K11/B11)*100 -> 4.2019442 | L49: =(L11/B11)*100 -> 18.156162 | M49: =(M11/CA11)*100 -> 0.65092304 | N49: =(N11/M11)*100 -> 73.848987 | O49: =(O11/M11)*100 -> 26.335175 | P49: =(P11/CA11)*100 -> 1.8676576 | Q49: =(Q11/P11)*100 -> 0.064184852 | R49: =(R11/P11)*100 -> 5.8408216 | S49: =(S11/P11)*100 -> 8.3440308 | T49: =(T11/P11)*100 -> 29.653402 | U49: =(U11/P11)*100 -> 7.9589217 | V49: =(V11/P11)*100 -> 9.563543 | W49: =(W11/P11)*100 -> 10.590501 | X49: =(X11/P11)*100 -> 12.772786 | Y49: =(Y11/P11)*100 -> 15.468549 | Z49: =(Z11/CA11)*100 -> 6.0249341 | AA49: =(AA11/Z11)*100 -> 0.25865499 | AB49: =(AB11/Z11)*100 -> 97.811381 | AC49: =(AC11/Z11)*100 -> 1.8702746 | AD49: =(AD11/CA11)*100 -> 0.32366339 | AE49: =(AE11/AD11)*100 -> 3.3333333 | AF49: =(AF11/AD11)*100 -> 88.888889 | AG49: =(AG11/AD11)*100 -> 7.7777778 | AH49: =(AH11/CA11)*100 -> 11.264685 | AI49: =(AI11/AH11)*100 -> 22.028307 | AJ49: =(AJ11/AH11)*100 -> 6.7468341 | AK49: =(AK11/AH11)*100 -> 4.52272 | AL49: =(AL11/AH11)*100 -> 23.571353 | AM49: =(AM11/AH11)*100 -> 7.1937853 | AN49: =(AN11/AH11)*100 -> 7.0341598 | AO49: =(AO11/AH11)*100 -> 9.8542088 | AP49: =(AP11/AH11)*100 -> 8.0238374 | AQ49: =(AQ11/AH11)*100 -> 11.05672 | AR49: =(AR11/CA11)*100 -> 13.820427 | AS49: =(AS11/AR11)*100 -> 1.3791309 | AT49: =(AT11/AR11)*100 -> 9.9141296 | AU49: =(AU11/AR11)*100 -> 3.1919507 | AV49: =(AV11/AR11)*100 -> 15.899037 | AW49: =(AW11/AR11)*100 -> 20.686963 | AX49: =(AX11/AR11)*100 -> 11.588169 | AY49: =(AY11/AR11)*100 -> 12.71576 | AZ49: =(AZ11/AR11)*100 -> 6.0022552 | BA49: =(BA11/AR11)*100 -> 18.657299 | BB49: =(BB11/CA11)*100 -> 46.389355 | BC49: =(BC11/BB11)*100 -> 5.0441883 | BD49: =(BD11/BB11)*100 -> 10.419143 | BE49: =(BE11/BB11)*100 -> 1.5401313 | BF49: =(BF11/BB11)*100 -> 13.023929 | BG49: =(BG11/BB11)*100 -> 16.786397 | BH49: =(BH11/BB11)*100 -> 9.7266009 | BI49: =(BI11/BB11)*100 -> 13.140214 | BJ49: =(BJ11/BB11)*100 -> 24.781642 | BK49: =(BK11/BB11)*100 -> 5.5274174 | BL49: =(BL11/CA11)*100 -> 14.729082 | BM49: =(BM11/BL11)*100 -> 2.0997803 | BN49: =(BN11/BL11)*100 -> 4.9890128 | BO49: =(BO11/BL11)*100 -> 2.9136486 | BP49: =(BP11/BL11)*100 -> 16.676162 | BQ49: =(BQ11/BL11)*100 -> 5.3552535 | BR49: =(BR11/BL11)*100 -> 17.400505 | BS49: =(BS11/BL11)*100 -> 10.702368 | BT49: =(BT11/BL11)*100 -> 39.855131 | BU49: =(BU11/CA11)*100 -> 1.1004555 | BV49: =(BV11/BU11)*100 -> 4.0305011 | BW49: =(BW11/BU11)*100 -> 0.98039216 | BX49: =(BX11/BU11)*100 -> 0 | BY49: =(BY11/BU11)*100 -> 86.71024 | BZ49: =(BZ11/BU11)*100 -> 8.1699346
A50: Y2036 | B50: =(B12/CA12)*100 -> 3.7851467 | C50: =(C12/B12)*100 -> 3.2760033 | D50: =(D12/B12)*100 -> 1.6107016 | E50: =(E12/B12)*100 -> 6.5247065 | F50: =(F12/B12)*100 -> 19.90172 | G50: =(G12/B12)*100 -> 6.2790063 | H50: =(H12/B12)*100 -> 18.181818 | I50: =(I12/B12)*100 -> 2.8392028 | J50: =(J12/B12)*100 -> 18.509419 | K50: =(K12/B12)*100 -> 4.2315042 | L50: =(L12/B12)*100 -> 18.645919 | M50: =(M12/CA12)*100 -> 0.60864084 | N50: =(N12/M12)*100 -> 73.684211 | O50: =(O12/M12)*100 -> 26.315789 | P50: =(P12/CA12)*100 -> 1.678154 | Q50: =(Q12/P12)*100 -> 0 | R50: =(R12/P12)*100 -> 3.9408867 | S50: =(S12/P12)*100 -> 7.2660099 | T50: =(T12/P12)*100 -> 29.55665 | U50: =(U12/P12)*100 -> 10.652709 | V50: =(V12/P12)*100 -> 8.5591133 | W50: =(W12/P12)*100 -> 11.761084 | X50: =(X12/P12)*100 -> 12.315271 | Y50: =(Y12/P12)*100 -> 15.948276 | Z50: =(Z12/CA12)*100 -> 4.4681884 | AA50: =(AA12/Z12)*100 -> 0.64754857 | AB50: =(AB12/Z12)*100 -> 97.6642 | AC50: =(AC12/Z12)*100 -> 1.6651249 | AD50: =(AD12/CA12)*100 -> 0.27900344 | AE50: =(AE12/AD12)*100 -> 2.2222222 | AF50: =(AF12/AD12)*100 -> 88.148148 | AG50: =(AG12/AD12)*100 -> 8.8888889 | AH50: =(AH12/CA12)*100 -> 11.401941 | AI50: =(AI12/AH12)*100 -> 20.527461 | AJ50: =(AJ12/AH12)*100 -> 7.0599964 | AK50: =(AK12/AH12)*100 -> 4.2776871 | AL50: =(AL12/AH12)*100 -> 25.765815 | AM50: =(AM12/AH12)*100 -> 7.4768896 | AN50: =(AN12/AH12)*100 -> 7.0237448 | AO50: =(AO12/AH12)*100 -> 9.1535255 | AP50: =(AP12/AH12)*100 -> 7.8937829 | AQ50: =(AQ12/AH12)*100 -> 10.848287 | AR50: =(AR12/CA12)*100 -> 13.454166 | AS50: =(AS12/AR12)*100 -> 1.0522273 | AT50: =(AT12/AR12)*100 -> 10.122888 | AU50: =(AU12/AR12)*100 -> 3.218126 | AV50: =(AV12/AR12)*100 -> 16.067588 | AW50: =(AW12/AR12)*100 -> 19.969278 | AX50: =(AX12/AR12)*100 -> 11.943164 | AY50: =(AY12/AR12)*100 -> 12.357911 | AZ50: =(AZ12/AR12)*100 -> 6.7127496 | BA50: =(BA12/AR12)*100 -> 18.548387 | BB50: =(BB12/CA12)*100 -> 45.809265 | BC50: =(BC12/BB12)*100 -> 4.8792042 | BD50: =(BD12/BB12)*100 -> 10.049401 | BE50: =(BE12/BB12)*100 -> 1.1978074 | BF50: =(BF12/BB12)*100 -> 13.207462 | BG50: =(BG12/BB12)*100 -> 15.991067 | BH50: =(BH12/BB12)*100 -> 9.3388374 | BI50: =(BI12/BB12)*100 -> 12.893912 | BJ50: =(BJ12/BB12)*100 -> 26.446505 | BK50: =(BK12/BB12)*100 -> 6.0003158 | BL50: =(BL12/CA12)*100 -> 15.040352 | BM50: =(BM12/BL12)*100 -> 2.1229818 | BN50: =(BN12/BL12)*100 -> 5.1597389 | BO50: =(BO12/BL12)*100 -> 2.4733768 | BP50: =(BP12/BL12)*100 -> 16.619718 | BQ50: =(BQ12/BL12)*100 -> 5.3589832 | BR50: =(BR12/BL12)*100 -> 16.880797 | BS50: =(BS12/BL12)*100 -> 9.7629681 | BT50: =(BT12/BL12)*100 -> 41.621436 | BU50: =(BU12/CA12)*100 -> 3.4813429 | BV50: =(BV12/BU12)*100 -> 1.2763431 | BW50: =(BW12/BU12)*100 -> 0.11872959 | BX50: =(BX12/BU12)*100 -> 0 | BY50: =(BY12/BU12)*100 -> 94.211932 | BZ50: =(BZ12/BU12)*100 -> 4.392995
A51: Y2037 | B51: =(B13/CA13)*100 -> 3.7836027 | C51: =(C13/B13)*100 -> 3.2543608 | D51: =(D13/B13)*100 -> 2.5514189 | E51: =(E13/B13)*100 -> 7.133559 | F51: =(F13/B13)*100 -> 20.281177 | G51: =(G13/B13)*100 -> 6.5868263 | H51: =(H13/B13)*100 -> 19.317886 | I51: =(I13/B13)*100 -> 2.759698 | J51: =(J13/B13)*100 -> 16.401979 | K51: =(K13/B13)*100 -> 3.7490237 | L51: =(L13/B13)*100 -> 18.042177 | M51: =(M13/CA13)*100 -> 0.6619581 | N51: =(N13/M13)*100 -> 73.809524 | O51: =(O13/M13)*100 -> 26.190476 | P51: =(P13/CA13)*100 -> 1.5997321 | Q51: =(Q13/P13)*100 -> 0 | R51: =(R13/P13)*100 -> 4.1871921 | S51: =(S13/P13)*100 -> 6.4039409 | T51: =(T13/P13)*100 -> 29.926108 | U51: =(U13/P13)*100 -> 12.5 | V51: =(V13/P13)*100 -> 8.5591133 | W51: =(W13/P13)*100 -> 9.6674877 | X51: =(X13/P13)*100 -> 11.206897 | Y51: =(Y13/P13)*100 -> 17.364532 | Z51: =(Z13/CA13)*100 -> 5.8207 | AA51: =(AA13/Z13)*100 -> 0.44000677 | AB51: =(AB13/Z13)*100 -> 98.104586 | AC51: =(AC13/Z13)*100 -> 1.455407 | AD51: =(AD13/CA13)*100 -> 0.28271127 | AE51: =(AE13/AD13)*100 -> 2.0905923 | AF51: =(AF13/AD13)*100 -> 85.017422 | AG51: =(AG13/AD13)*100 -> 11.84669 | AH51: =(AH13/CA13)*100 -> 11.592147 | AI51: =(AI13/AH13)*100 -> 21.728416 | AJ51: =(AJ13/AH13)*100 -> 5.6084296 | AK51: =(AK13/AH13)*100 -> 4.2488103 | AL51: =(AL13/AH13)*100 -> 27.294358 | AM51: =(AM13/AH13)*100 -> 7.5118967 | AN51: =(AN13/AH13)*100 -> 6.339225 | AO51: =(AO13/AH13)*100 -> 8.8460231 | AP51: =(AP13/AH13)*100 -> 7.6563562 | AQ51: =(AQ13/AH13)*100 -> 10.7155 | AR51: =(AR13/CA13)*100 -> 12.732843 | AS51: =(AS13/AR13)*100 -> 1.2300789 | AT51: =(AT13/AR13)*100 -> 9.5234411 | AU51: =(AU13/AR13)*100 -> 3.9455361 | AV51: =(AV13/AR13)*100 -> 16.911651 | AW51: =(AW13/AR13)*100 -> 19.952035 | AX51: =(AX13/AR13)*100 -> 12.981587 | AY51: =(AY13/AR13)*100 -> 10.931456 | AZ51: =(AZ13/AR13)*100 -> 6.1426582 | BA51: =(BA13/AR13)*100 -> 18.443447 | BB51: =(BB13/CA13)*100 -> 47.08768 | BC51: =(BC13/BB13)*100 -> 4.9433078 | BD51: =(BD13/BB13)*100 -> 8.4996444 | BE51: =(BE13/BB13)*100 -> 0.91209573 | BF51: =(BF13/BB13)*100 -> 11.20246 | BG51: =(BG13/BB13)*100 -> 15.060039 | BH51: =(BH13/BB13)*100 -> 12.357224 | BI51: =(BI13/BB13)*100 -> 12.336304 | BJ51: =(BJ13/BB13)*100 -> 25.883854 | BK51: =(BK13/BB13)*100 -> 8.802979 | BL51: =(BL13/CA13)*100 -> 14.299083 | BM51: =(BM13/BL13)*100 -> 2.2389088 | BN51: =(BN13/BL13)*100 -> 6.1518325 | BO51: =(BO13/BL13)*100 -> 2.6315789 | BP51: =(BP13/BL13)*100 -> 17.725269 | BQ51: =(BQ13/BL13)*100 -> 5.387159 | BR51: =(BR13/BL13)*100 -> 17.181042 | BS51: =(BS13/BL13)*100 -> 9.9683108 | BT51: =(BT13/BL13)*100 -> 38.695233 | BU51: =(BU13/CA13)*100 -> 2.1356029 | BV51: =(BV13/BU13)*100 -> 1.7066421 | BW51: =(BW13/BU13)*100 -> 0.32287823 | BX51: =(BX13/BU13)*100 -> 0.23062731 | BY51: =(BY13/BU13)*100 -> 92.48155 | BZ51: =(BZ13/BU13)*100 -> 5.1660517
... A76: Y2062 | B76: =(B38/CA38)*100 -> 5.1883809 | C76: =(C38/B38)*100 -> 0.90098167 | D76: =(D38/B38)*100 -> 5.6120848 | E76: =(E38/B38)*100 -> 8.6736295 | F76: =(F38/B38)*100 -> 10.82971 | G76: =(G38/B38)*100 -> 11.327267 | H76: =(H38/B38)*100 -> 17.540006 | I76: =(I38/B38)*100 -> 3.0839571 | J76: =(J38/B38)*100 -> 14.568112 | K76: =(K38/B38)*100 -> 7.3826707 | L76: =(L38/B38)*100 -> 20.086064 | M76: =(M38/CA38)*100 -> 0.77887344 | N76: =(N38/M38)*100 -> 86.772171 | O76: =(O38/M38)*100 -> 13.16811 | P76: =(P38/CA38)*100 -> 0.95795153 | Q76: =(Q38/P38)*100 -> 0.14566642 | R76: =(R38/P38)*100 -> 3.6659383 | S76: =(S38/P38)*100 -> 3.423161 | T76: =(T38/P38)*100 -> 22.262685 | U76: =(U38/P38)*100 -> 6.7006555 | V76: =(V38/P38)*100 -> 2.9376062 | W76: =(W38/P38)*100 -> 8.7885409 | X76: =(X38/P38)*100 -> 27.700898 | Y76: =(Y38/P38)*100 -> 24.447681 | Z76: =(Z38/CA38)*100 -> 13.201312 | AA76: =(AA38/Z38)*100 -> 0.45804485 | AB76: =(AB38/Z38)*100 -> 99.002872 | AC76: =(AC38/Z38)*100 -> 0.53908356 | AD76: =(AD38/CA38)*100 -> 0.29233918 | AE76: =(AE38/AD38)*100 -> 16.229117 | AF76: =(AF38/AD38)*100 -> 77.406523 | AG76: =(AG38/AD38)*100 -> 6.2052506 | AH76: =(AH38/CA38)*100 -> 10.471417 | AI76: =(AI38/AH38)*100 -> 6.0455303 | AJ76: =(AJ38/AH38)*100 -> 5.9589117 | AK76: =(AK38/AH38)*100 -> 2.8095502 | AL76: =(AL38/AH38)*100 -> 37.785675 | AM76: =(AM38/AH38)*100 -> 12.362021 | AN76: =(AN38/AH38)*100 -> 10.316491 | AO76: =(AO38/AH38)*100 -> 6.5674625 | AP76: =(AP38/AH38)*100 -> 6.3076069 | AQ76: =(AQ38/AH38)*100 -> 11.855636 | AR76: =(AR38/CA38)*100 -> 10.144193 | AS76: =(AS38/AR38)*100 -> 0.34389472 | AT76: =(AT38/AR38)*100 -> 12.730983 | AU76: =(AU38/AR38)*100 -> 4.0717135 | AV76: =(AV38/AR38)*100 -> 9.6519785 | AW76: =(AW38/AR38)*100 -> 10.424595 | AX76: =(AX38/AR38)*100 -> 10.238892 | AY76: =(AY38/AR38)*100 -> 13.648035 | AZ76: =(AZ38/AR38)*100 -> 9.8216333 | BA76: =(BA38/AR38)*100 -> 29.065982 | BB76: =(BB38/CA38)*100 -> 42.03056 | BC76: =(BC38/BB38)*100 -> 4.388484 | BD76: =(BD38/BB38)*100 -> 8.4781682 | BE76: =(BE38/BB38)*100 -> 0.60921963 | BF76: =(BF38/BB38)*100 -> 13.136679 | BG76: =(BG38/BB38)*100 -> 8.2474284 | BH76: =(BH38/BB38)*100 -> 11.144127 | BI76: =(BI38/BB38)*100 -> 15.680904 | BJ76: =(BJ38/BB38)*100 -> 34.324906 | BK76: =(BK38/BB38)*100 -> 3.9911909 | BL76: =(BL38/CA38)*100 -> 13.794595 | BM76: =(BM38/BL38)*100 -> 3.3263648 | BN76: =(BN38/BL38)*100 -> 10.10554 | BO76: =(BO38/BL38)*100 -> 3.7343629 | BP76: =(BP38/BL38)*100 -> 21.603669 | BQ76: =(BQ38/BL38)*100 -> 4.9701588 | BR76: =(BR38/BL38)*100 -> 17.350035 | BS76: =(BS38/BL38)*100 -> 4.5722764 | BT76: =(BT38/BL38)*100 -> 34.329163 | BU76: =(BU38/CA38)*100 -> 3.1415415 | BV76: =(BV38/BU38)*100 -> 0.0074030204 | BW76: =(BW38/BU38)*100 -> 0.42197216 | BX76: =(BX38/BU38)*100 -> 0.13325437 | BY76: =(BY38/BU38)*100 -> 73.11223 | BZ76: =(BZ38/BU38)*100 -> 26.302932

Sheet export statistical pattern shee
A1: Year | B1: Trade | C1: 0 Food and live animals | D1: 00 Live animals (excl. fish (not marine mammals) crustaceans, molluscs and aquatic invertebrates of SITC Division 03) | E1: 01 Meat and meat preparations | F1: 02 Dairy products and birds’ eggs | G1: 03 Fish (excl. marine mammals) crustaceans, molluscs and aquatic invertebrates, and preparations thereof (excl. extracts and juices of fish, crustaceans, molluscs or other aquatic invertebrates, prepared or preserved of SITC 01710) | H1: 04 Cereals and cereal preparations | I1: 05 Vegetables and fruit | J1: 06 Sugars, sugar preparations and honey | K1: 07 Coffee, tea, cocoa, spices, and manufactures thereof | L1: 08 Feeding stuff for animals (excl. unmilled cereals) | M1: 09 Miscellaneous edible products and preparations | N1: 1 Beverages and tobacco | O1: 11 Beverages | P1: 12 Tobacco and tobacco manufactures | Q1: 2 Crude materials, inedible, except fuels | R1: 21 Hides, skins and furskins, raw | S1: 22 Oil-seeds and oleaginous fruits | T1: 23 Crude rubber (incl. synthetic and reclaimed) | U1: 24 Cork and wood | V1: 25 Pulp and waste paper | W1: 26 Textile fibres (excl. wool tops and other combed wool) and their wastes, not manufactured into yarn or fabric | X1: 27 Crude fertilizers (excl. those of Division 56) and crude minerals (excl. coal, petroleum and precious stones) | Y1: 28 Metalliferous ores and metal scrap | Z1: 29 Crude animal and vegetable materials, nes | AA1: 3 Mineral fuels, lubricants and related materials | AB1: 32 Coal, coke and briquettes | AC1: 33 Petroleum, petroleum products and related materials | AD1: 34 Gas, natural and manufactured | AE1: 4 Animal and vegetable oils, fats and waxes | AF1: 41 Animal oils and fats | AG1: 42 Fixed vegetable fats and oils, crude, refined or fractionated | AH1: 43 Animal or vegetable fats and oils, processed; waxes of animal or vegetable origin; inedible mixtures or preparations of animal or vegetable fats or oils, nes | AI1: 5 Chemicals and related products, nes | AJ1: 51 Organic chemicals | AK1: 52 Inorganic chemicals | AL1: 53 Dyeing, tanning and colouring materials | AM1: 54 Medicinal and pharmaceutical products | AN1: 55 Essential oils and resinoids and perfume materials; toilet, polishing and cleansing preparations | AO1: 56 Fertilisers (excl. those of group 272) | AP1: 57 Plastics in primary forms | AQ1: 58 Plastics in non-primary forms | AR1: 59 Chemical materials and products, nes | AS1: 6 Manufactured goods classified chiefly by material | AT1: 61 Leather, leather manufactures, nes, and dressed furskins | AU1: 62 Rubber manufactures, nes | AV1: 63 Cork and wood manufactures (excl. furniture) | AW1: 64 Paper, paperboard and articles of paper pulp, of paper or of paperboard | AX1: 65 Textile yarn, fabrics, made-up articles nes, and related products | AY1: 66 Non-metallic mineral manufactures, nes | AZ1: 67 Iron and steel | BA1: 68 Non-ferrous metals | BB1: 69 Manufactures of metals, nes | BC1: 7 Machinery and transport equipment | BD1: 71 Power generating machinery and equipment | BE1: 72 Machinery specialized for particular industries | BF1: 73 Metalworking machinery | BG1: 74 General industrial machinery and equipment, nes, and machine parts, nes | BH1: 75 Office machines and automatic data processing machines | BI1: 76 Telecommunications and sound recording and reproducing apparatus and equipment | BJ1: 77 Electrical machinery, apparatus and appliances, nes, and electrical parts thereof (incl. non electrical counterparts, nes, of electrical household type equipment) | BK1: 78 Road vehicles (incl. air-cushion vehicles) | BL1: 79 Transport equipment (excl. road vehicles) | BM1: 8 Miscellaneous manufactured articles | BN1: 81 Prefabricated buildings and sanitary, plumbing, heating and lighting fixtures and fittings, nes | BO1: 82 Furniture and parts thereof; bedding, mattresses, mattress supports, cushions and similar stuffed furnishings | BP1: 83 Travel goods, handbags and similar containers | BQ1: 84 Articles of apparel and clothing accessories | BR1: 85 Footwear | BS1: 87 Professional, scientific and controlling instruments and apparatus, nes | BT1: 88 Photographic apparatus, equipment and supplies and optical goods, nes; watches and clocks | BU1: 89 Miscellaneous manufactured articles, nes | BV1: 9 Commodities and transactions not classified elsewhere in the SITC | BW1: 93 Special transactions and commodities not classified according to kind | BX1: 95 Gold coin whether or not legal tender, and other coin being legal tender | BY1: 96 Coin (excl. gold coin) not being legal tender | BZ1: 97 Gold, non-monetary (excl. gold ores and concentrates) | CA1: 98 Combined confidential items excluding some of SITC 28099 (exports only) and some of SITC 51099 (imports only)
A2: Y1988 | B2: Export | C2: 1 | D2: 1 | E2: 1 | F2: 1 | G2: 1 | H2: 1 | I2: 1 | J2: 1 | K2: 1 | L2: 1 | M2: 1 | N2: 1 | O2: 1 | P2: 1 | Q2: 1 | R2: 1 | T2: 1 | U2: 1 | V2: 1 | W2: 1 | X2: 1 | Y2: 1 | Z2: 1 | AA2: 1 | AB2: 1 | AC2: 1 | AD2: 1 | AE2: 1 | AF2: 1 | AG2: 1 | AH2: 1 | AI2: 1 | AJ2: 1 | AK2: 1 | AL2: 1 | AM2: 1 | AN2: 1 | AO2: 1 | AP2: 1 | AQ2: 1 | AR2: 1 | AS2: 1 | AT2: 1 | AU2: 1 | AV2: 1 | AW2: 1 | AX2: 1 | AY2: 1 | AZ2: 1 | BA2: 1 | BB2: 1 | BC2: 1 | BD2: 1 | BE2: 1 | BF2: 1 | BG2: 1 | BH2: 1 | BI2: 1 | BJ2: 1 | BK2: 1 | BL2: 1 | BM2: 1 | BN2: 1 | BO2: 1 | BP2: 1 | BQ2: 1 | BR2: 1 | BS2: 1 | BT2: 1 | BU2: 1 | BV2: 1 | BW2: 1 | BX2: 1 | BY2: 1 | BZ2: 1 | CA2: 1
A3: Y1989 | B3: Export | C3: ='Export-dataset'!B41 / 'Export-dataset'!B40 -> 1.0817857 | D3: ='Export-dataset'!C41 / 'Export-dataset'!C40 -> 0.63137683 | E3: ='Export-dataset'!D41 / 'Export-dataset'!D40 -> 0.90748752 | F3: ='Export-dataset'!E41 / 'Export-dataset'!E40 -> 1.0741957 | G3: ='Export-dataset'!F41 / 'Export-dataset'!F40 -> 0.81184604 | H3: ='Export-dataset'!G41 / 'Export-dataset'!G40 -> 1.2894444 | I3: ='Export-dataset'!H41 / 'Export-dataset'!H40 -> 0.70905654 | J3: ='Export-dataset'!I41 / 'Export-dataset'!I40 -> 1.0941343 | ... CA3: ='Export-dataset'!BZ41 / 'Export-dataset'!BZ40 -> 1.1012382
A4: Y1990 | B4: Export | C4: ='Export-dataset'!B42 / 'Export-dataset'!B41 -> 0.94655062 | D4: ='Export-dataset'!C42 / 'Export-dataset'!C41 -> 0.65189175 | E4: ='Export-dataset'!D42 / 'Export-dataset'!D41 -> 1.1426068 | F4: ='Export-dataset'!E42 / 'Export-dataset'!E41 -> 0.96725288 | G4: ='Export-dataset'!F42 / 'Export-dataset'!F41 -> 1.0211555 | H4: ='Export-dataset'!G42 / 'Export-dataset'!G41 -> 0.9176835 | I4: ='Export-dataset'!H42 / 'Export-dataset'!H41 -> 1.1030386 | J4: ='Export-dataset'!I42 / 'Export-dataset'!I41 -> 0.95248014 | ... BX4: ='Export-dataset'!BW42 / 'Export-dataset'!BW41 -> 1.0423446 | BY4: 0 | BZ4: ='Export-dataset'!BY42 / 'Export-dataset'!BY41 -> 1.13523 | CA4: ='Export-dataset'!BZ42 / 'Export-dataset'!BZ41 -> 0.66443475
A5: Y1991 | B5: Export | C5: ='Export-dataset'!B43 / 'Export-dataset'!B42 -> 0.90699647 | D5: ='Export-dataset'!C43 / 'Export-dataset'!C42 -> 1.1662055 | E5: ='Export-dataset'!D43 / 'Export-dataset'!D42 -> 1.0948226 | F5: ='Export-dataset'!E43 / 'Export-dataset'!E42 -> 1.2252305 | G5: ='Export-dataset'!F43 / 'Export-dataset'!F42 -> 1.1417974 | H5: ='Export-dataset'!G43 / 'Export-dataset'!G42 -> 0.8354977 | I5: ='Export-dataset'!H43 / 'Export-dataset'!H42 -> 1.1702972 | J5: ='Export-dataset'!I43 / 'Export-dataset'!I42 -> 0.72571385 | ... CA5: ='Export-dataset'!BZ43 / 'Export-dataset'!BZ42 -> 0.9409096
A6: Y1992 | B6: Export | C6: ='Export-dataset'!B44 / 'Export-dataset'!B43 -> 1.0459458 | D6: ='Export-dataset'!C44 / 'Export-dataset'!C43 -> 1.092522 | E6: ='Export-dataset'!D44 / 'Export-dataset'!D43 -> 0.99662069 | F6: ='Export-dataset'!E44 / 'Export-dataset'!E43 -> 1.0617735 | G6: ='Export-dataset'!F44 / 'Export-dataset'!F43 -> 1.0869748 | H6: ='Export-dataset'!G44 / 'Export-dataset'!G43 -> 0.8936855 | I6: ='Export-dataset'!H44 / 'Export-dataset'!H43 -> 1.1149775 | J6: ='Export-dataset'!I44 / 'Export-dataset'!I43 -> 1.0212796 | ... BX6: ='Export-dataset'!BW44 / 'Export-dataset'!BW43 -> 0.79291197 | BY6: 0 | BZ6: ='Export-dataset'!BY44 / 'Export-dataset'!BY43 -> 1.0648436 | CA6: ='Export-dataset'!BZ44 / 'Export-dataset'!BZ43 -> 0.81573816
A7: Y1993 | B7: Export | C7: ='Export-dataset'!B45 / 'Export-dataset'!B44 -> 1.0936409 | D7: ='Export-dataset'!C45 / 'Export-dataset'!C44 -> 1.0879748 | E7: ='Export-dataset'!D45 / 'Export-dataset'!D44 -> 0.91782003 | F7: ='Export-dataset'!E45 / 'Export-dataset'!E44 -> 1.0392787 | G7: ='Export-dataset'!F45 / 'Export-dataset'!F44 -> 0.98592605 | H7: ='Export-dataset'!G45 / 'Export-dataset'!G44 -> 1.0776617 | I7: ='Export-dataset'!H45 / 'Export-dataset'!H44 -> 0.94052499 | J7: ='Export-dataset'!I45 / 'Export-dataset'!I44 -> 1.1593161 | ... BX7: ='Export-dataset'!BW45 / 'Export-dataset'!BW44 -> 0.72629593 | BY7: 0 | BZ7: ='Export-dataset'!BY45 / 'Export-dataset'!BY44 -> 0.98921925 | CA7: ='Export-dataset'!BZ45 / 'Export-dataset'!BZ44 -> 1.0674154
A8: Y1994 | B8: Export | C8: ='Export-dataset'!B46 / 'Export-dataset'!B45 -> 1.0429236 | D8: ='Export-dataset'!C46 / 'Export-dataset'!C45 -> 1.1536505 | E8: ='Export-dataset'!D46 / 'Export-dataset'!D45 -> 0.891397 | F8: ='Export-dataset'!E46 / 'Export-dataset'!E45 -> 1.1304935 | G8: ='Export-dataset'!F46 / 'Export-dataset'!F45 -> 0.95854969 | H8: ='Export-dataset'!G46 / 'Export-dataset'!G45 -> 0.99995933 | I8: ='Export-dataset'!H46 / 'Export-dataset'!H45 -> 0.94296117 | J8: ='Export-dataset'!I46 / 'Export-dataset'!I45 -> 1.2833011 | ... BX8: ='Export-dataset'!BW46 / 'Export-dataset'!BW45 -> 1.0735623 | BY8: 0 | BZ8: ='Export-dataset'!BY46 / 'Export-dataset'!BY45 -> 0.96634198 | CA8: ='Export-dataset'!BZ46 / 'Export-dataset'!BZ45 -> 1.0664665
A9: Y1995 | B9: Export | C9: ='Export-dataset'!B47 / 'Export-dataset'!B46 -> 0.882069 | D9: ='Export-dataset'!C47 / 'Export-dataset'!C46 -> 1.6439761 | E9: ='Export-dataset'!D47 / 'Export-dataset'!D46 -> 0.95450614 | F9: ='Export-dataset'!E47 / 'Export-dataset'!E46 -> 1.0764745 | G9: ='Export-dataset'!F47 / 'Export-dataset'!F46 -> 1.0884358 | H9: ='Export-dataset'!G47 / 'Export-dataset'!G46 -> 0.82491992 | I9: ='Export-dataset'!H47 / 'Export-dataset'!H46 -> 1.0190984 | J9: ='Export-dataset'!I47 / 'Export-dataset'!I46 -> 1.1502585 | ... BX9: ='Export-dataset'!BW47 / 'Export-dataset'!BW46 -> 0.61396852 | BY9: 0 | BZ9: ='Export-dataset'!BY47 / 'Export-dataset'!BY46 -> 1.0440399 | CA9: ='Export-dataset'!BZ47 / 'Export-dataset'!BZ46 -> 0.88135668
A10: Y1996 | B10: Export | C10: ='Export-dataset'!B48 / 'Export-dataset'!B47 -> 1.1255569 | D10: ='Export-dataset'!C48 / 'Export-dataset'!C47 -> 0.94633236 | E10: ='Export-dataset'!D48 / 'Export-dataset'!D47 -> 0.67592496 | F10: ='Export-dataset'!E48 / 'Export-dataset'!E47 -> 0.97376068 | G10: ='Export-dataset'!F48 / 'Export-dataset'!F47 -> 0.74870731 | H10: ='Export-dataset'!G48 / 'Export-dataset'!G47 -> 1.7720984 | I10: ='Export-dataset'!H48 / 'Export-dataset'!H47 -> 0.97353241 | J10: ='Export-dataset'!I48 / 'Export-dataset'!I47 -> 0.72666985 | ... BX10: ='Export-dataset'!BW48 / 'Export-dataset'!BW47 -> 0.75055046 | BY10: 0 | BZ10: ='Export-dataset'!BY48 / 'Export-dataset'!BY47 -> 0.96596908 | CA10: ='Export-dataset'!BZ48 / 'Export-dataset'!BZ47 -> 1.159948
A11: Y1997 | B11: Export | C11: ='Export-dataset'!B49 / 'Export-dataset'!B48 -> 0.98810649 | D11: ='Export-dataset'!C49 / 'Export-dataset'!C48 -> 1.0359629 | E11: ='Export-dataset'!D49 / 'Export-dataset'!D48 -> 1.0935871 | F11: ='Export-dataset'!E49 / 'Export-dataset'!E48 -> 0.95747505 | G11: ='Export-dataset'!F49 / 'Export-dataset'!F48 -> 1.0527303 | H11: ='Export-dataset'!G49 / 'Export-dataset'!G48 -> 0.9636596 | I11: ='Export-dataset'!H49 / 'Export-dataset'!H48 -> 0.97987202 | J11: ='Export-dataset'!I49 / 'Export-dataset'!I48 -> 0.96007559 | ... BX11: ='Export-dataset'!BW49 / 'Export-dataset'!BW48 -> 1.0428854 | BY11: 0 | BZ11: ='Export-dataset'!BY49 / 'Export-dataset'!BY48 -> 0.96522229 | CA11: ='Export-dataset'!BZ49 / 'Export-dataset'!BZ48 -> 1.1212535
A12: Y1998 | B12: Export | C12: ='Export-dataset'!B50 / 'Export-dataset'!B49 -> 0.83955465 | D12: ='Export-dataset'!C50 / 'Export-dataset'!C49 -> 0.86609064 | E12: ='Export-dataset'!D50 / 'Export-dataset'!D49 -> 1.2895733 | F12: ='Export-dataset'!E50 / 'Export-dataset'!E49 -> 1.325529 | G12: ='Export-dataset'!F50 / 'Export-dataset'!F49 -> 1.1113446 | H12: ='Export-dataset'!G50 / 'Export-dataset'!G49 -> 0.94239393 | I12: ='Export-dataset'!H50 / 'Export-dataset'!H49 -> 1.1143128 | J12: ='Export-dataset'!I50 / 'Export-dataset'!I49 -> 0.11856495 | ... CA12: ='Export-dataset'!BZ50 / 'Export-dataset'!BZ49 -> 1.4309169
A13: Y1999 | B13: Export | C13: ='Export-dataset'!B51 / 'Export-dataset'!B50 -> 1.0727494 | D13: ='Export-dataset'!C51 / 'Export-dataset'!C50 -> 1.1752111 | E13: ='Export-dataset'!D51 / 'Export-dataset'!D50 -> 1.01616 | F13: ='Export-dataset'!E51 / 'Export-dataset'!E50 -> 0.98450915 | G13: ='Export-dataset'!F51 / 'Export-dataset'!F50 -> 1.1240217 | H13: ='Export-dataset'!G51 / 'Export-dataset'!G50 -> 0.92896036 | I13: ='Export-dataset'!H51 / 'Export-dataset'!H50 -> 1.0025912 | J13: ='Export-dataset'!I51 / 'Export-dataset'!I50 -> 0.86979088 | ... CA13: ='Export-dataset'!BZ51 / 'Export-dataset'!BZ50 -> 0.99254518
A14: Y2000 | B14: Export | C14: ='Export-dataset'!B52 / 'Export-dataset'!B51 -> 0.94059904 | D14: ='Export-dataset'!C52 / 'Export-dataset'!C51 -> 0.95705239 | E14: ='Export-dataset'!D52 / 'Export-dataset'!D51 -> 1.0130713 | F14: ='Export-dataset'!E52 / 'Export-dataset'!E51 -> 1.032285 | G14: ='Export-dataset'!F52 / 'Export-dataset'!F51 -> 1.019996 | H14: ='Export-dataset'!G52 / 'Export-dataset'!G51 -> 0.92697177 | I14: ='Export-dataset'!H52 / 'Export-dataset'!H51 -> 1.0253328 | J14: ='Export-dataset'!I52 / 'Export-dataset'!I51 -> 1.0668189 | ... CA14: ='Export-dataset'!BZ52 / 'Export-dataset'!BZ51 -> 1.2685263
A15: Y2001 | B15: Export | C15: ='Export-dataset'!B53 / 'Export-dataset'!B52 -> 1.044331 | D15: ='Export-dataset'!C53 / 'Export-dataset'!C52 -> 1.1131206 | E15: ='Export-dataset'!D53 / 'Export-dataset'!D52 -> 1.0902371 | F15: ='Export-dataset'!E53 / 'Export-dataset'!E52 -> 0.96529085 | G15: ='Export-dataset'!F53 / 'Export-dataset'!F52 -> 0.87311445 | H15: ='Export-dataset'!G53 / 'Export-dataset'!G52 -> 1.0019836 | I15: ='Export-dataset'!H53 / 'Export-dataset'!H52 -> 0.96517722 | J15: ='Export-dataset'!I53 / 'Export-dataset'!I52 -> 0.92429287 | ... CA15: ='Export-dataset'!BZ53 / 'Export-dataset'!BZ52 -> 1.0173323
A16: Y2002 | B16: Export | C16: ='Export-dataset'!B54 / 'Export-dataset'!B53 -> 0.98612468 | D16: ='Export-dataset'!C54 / 'Export-dataset'!C53 -> 1.1795179 | E16: ='Export-dataset'!D54 / 'Export-dataset'!D53 -> 0.97205443 | F16: ='Export-dataset'!E54 / 'Export-dataset'!E53 -> 0.98489123 | G16: ='Export-dataset'!F54 / 'Export-dataset'!F53 -> 0.98909146 | H16: ='Export-dataset'!G54 / 'Export-dataset'!G53 -> 0.98683263 | I16: ='Export-dataset'!H54 / 'Export-dataset'!H53 -> 1.0465227 | J16: ='Export-dataset'!I54 / 'Export-dataset'!I53 -> 1.0680184 | ... BX16: ='Export-dataset'!BW54 / 'Export-dataset'!BW53 -> 1.0781235 | BY16: 0 | BZ16: ='Export-dataset'!BY54 / 'Export-dataset'!BY53 -> 0.99527114 | CA16: ='Export-dataset'!BZ54 / 'Export-dataset'!BZ53 -> 0.95599624
A17: Y2003 | B17: Export | C17: ='Export-dataset'!B55 / 'Export-dataset'!B54 -> 0.85756852 | D17: ='Export-dataset'!C55 / 'Export-dataset'!C54 -> 1.0704849 | E17: ='Export-dataset'!D55 / 'Export-dataset'!D54 -> 1.1509314 | F17: ='Export-dataset'!E55 / 'Export-dataset'!E54 -> 0.92562044 | G17: ='Export-dataset'!F55 / 'Export-dataset'!F54 -> 1.0714389 | H17: ='Export-dataset'!G55 / 'Export-dataset'!G54 -> 0.79056589 | I17: ='Export-dataset'!H55 / 'Export-dataset'!H54 -> 0.96617515 | J17: ='Export-dataset'!I55 / 'Export-dataset'!I54 -> 0.99860052 | ... BX17: ='Export-dataset'!BW55 / 'Export-dataset'!BW54 -> 0.98043488 | BY17: 0 | BZ17: ='Export-dataset'!BY55 / 'Export-dataset'!BY54 -> 0.92067953 | CA17: ='Export-dataset'!BZ55 / 'Export-dataset'!BZ54 -> 1.18425
A18: Y2004 | B18: Export | C18: ='Export-dataset'!B56 / 'Export-dataset'!B55 -> 1.1433863 | D18: ='Export-dataset'!C56 / 'Export-dataset'!C55 -> 0.68586526 | E18: ='Export-dataset'!D56 / 'Export-dataset'!D55 -> 0.98939387 | F18: ='Export-dataset'!E56 / 'Export-dataset'!E55 -> 0.92014683 | G18: ='Export-dataset'!F56 / 'Export-dataset'!F55 -> 0.73048408 | H18: ='Export-dataset'!G56 / 'Export-dataset'!G55 -> 1.3596501 | I18: ='Export-dataset'!H56 / 'Export-dataset'!H55 -> 0.83686061 | J18: ='Export-dataset'!I56 / 'Export-dataset'!I55 -> 0.90077857 | ... BX18: ='Export-dataset'!BW56 / 'Export-dataset'!BW55 -> 1.4191978 | BY18: 0 | BZ18: ='Export-dataset'!BY56 / 'Export-dataset'!BY55 -> 1.0021728 | CA18: ='Export-dataset'!BZ56 / 'Export-dataset'!BZ55 -> 1.1250235
A19: Y2005 | B19: Export | C19: ='Export-dataset'!B57 / 'Export-dataset'!B56 -> 0.77640634 | D19: ='Export-dataset'!C57 / 'Export-dataset'!C56 -> 1.0748788 | E19: ='Export-dataset'!D57 / 'Export-dataset'!D56 -> 1.1419372 | F19: ='Export-dataset'!E57 / 'Export-dataset'!E56 -> 1.1191147 | G19: ='Export-dataset'!F57 / 'Export-dataset'!F56 -> 1.0826925 | H19: ='Export-dataset'!G57 / 'Export-dataset'!G56 -> 0.77607828 | I19: ='Export-dataset'!H57 / 'Export-dataset'!H56 -> 1.0940616 | J19: ='Export-dataset'!I57 / 'Export-dataset'!I56 -> 1.1561065 | ... BX19: ='Export-dataset'!BW57 / 'Export-dataset'!BW56 -> 0.95146362 | BY19: 0 | BZ19: ='Export-dataset'!BY57 / 'Export-dataset'!BY56 -> 0.94739465 | CA19: ='Export-dataset'!BZ57 / 'Export-dataset'!BZ56 -> 1.0706368
A20: Y2006 | B20: Export | C20: ='Export-dataset'!B58 / 'Export-dataset'!B57 -> 0.90947301 | D20: ='Export-dataset'!C58 / 'Export-dataset'!C57 -> 1.0070232 | E20: ='Export-dataset'!D58 / 'Export-dataset'!D57 -> 0.96436189 | F20: ='Export-dataset'!E58 / 'Export-dataset'!E57 -> 0.92812489 | G20: ='Export-dataset'!F58 / 'Export-dataset'!F57 -> 0.93386823 | H20: ='Export-dataset'!G58 / 'Export-dataset'!G57 -> 1.1006758 | I20: ='Export-dataset'!H58 / 'Export-dataset'!H57 -> 1.0526847 | J20: ='Export-dataset'!I58 / 'Export-dataset'!I57 -> 1.2246008 | ... BX20: ='Export-dataset'!BW58 / 'Export-dataset'!BW57 -> 0.96833966 | BY20: 0 | BZ20: ='Export-dataset'!BY58 / 'Export-dataset'!BY57 -> 1.1390581 | CA20: ='Export-dataset'!BZ58 / 'Export-dataset'!BZ57 -> 0.88393783
A21: Y2007 | B21: Export | C21: ='Export-dataset'!B59 / 'Export-dataset'!B58 -> 0.84468532 | D21: ='Export-dataset'!C59 / 'Export-dataset'!C58 -> 1.2127196 | E21: ='Export-dataset'!D59 / 'Export-dataset'!D58 -> 1.0765398 | F21: ='Export-dataset'!E59 / 'Export-dataset'!E58 -> 1.1565241 | G21: ='Export-dataset'!F59 / 'Export-dataset'!F58 -> 1.0457795 | H21: ='Export-dataset'!G59 / 'Export-dataset'!G58 -> 0.74536282 | I21: ='Export-dataset'!H59 / 'Export-dataset'!H58 -> 1.018183 | J21: ='Export-dataset'!I59 / 'Export-dataset'!I58 -> 0.92352447 | ... S21: ='Export-dataset'!R59 / 'Export-dataset'!R58 -> 0.38189004 | T21: 0 | U21: ='Export-dataset'!T59 / 'Export-dataset'!T58 -> 1.0223026 | V21: ='Export-dataset'!U59 / 'Export-dataset'!U58 -> 1.3387421 | W21: ='Export-dataset'!V59 / 'Export-dataset'!V58 -> 0.91107445 | X21: ='Export-dataset'!W59 / 'Export-dataset'!W58 -> 0.93353091 | Y21: ='Export-dataset'!X59 / 'Export-dataset'!X58 -> 1.0157387 | Z21: ='Export-dataset'!Y59 / 'Export-dataset'!Y58 -> 0.79478057 | AA21: ='Export-dataset'!Z59 / 'Export-dataset'!Z58 -> 0.94605811 | AB21: ='Export-dataset'!AA59 / 'Export-dataset'!AA58 -> 0.91870249 | ... BX21: ='Export-dataset'!BW59 / 'Export-dataset'!BW58 -> 1.267106 | BY21: 0 | BZ21: ='Export-dataset'!BY59 / 'Export-dataset'!BY58 -> 1.1363097 | CA21: ='Export-dataset'!BZ59 / 'Export-dataset'!BZ58 -> 1.0226169
A22: Y2008 | B22: Export | C22: ='Export-dataset'!B60 / 'Export-dataset'!B59 -> 0.94782761 | D22: ='Export-dataset'!C60 / 'Export-dataset'!C59 -> 0.96347218 | E22: ='Export-dataset'!D60 / 'Export-dataset'!D59 -> 0.86813697 | F22: ='Export-dataset'!E60 / 'Export-dataset'!E59 -> 0.87120956 | G22: ='Export-dataset'!F60 / 'Export-dataset'!F59 -> 0.79613959 | H22: ='Export-dataset'!G60 / 'Export-dataset'!G59 -> 1.4492616 | I22: ='Export-dataset'!H60 / 'Export-dataset'!H59 -> 0.8748791 | J22: ='Export-dataset'!I60 / 'Export-dataset'!I59 -> 0.85634765 | ... BX22: ='Export-dataset'!BW60 / 'Export-dataset'!BW59 -> 1.9005468 | BY22: 0 | BZ22: ='Export-dataset'!BY60 / 'Export-dataset'!BY59 -> 1.2045796 | CA22: ='Export-dataset'!BZ60 / 'Export-dataset'!BZ59 -> 0.71900049
A23: Y2009 | B23: Export | C23: ='Export-dataset'!B61 / 'Export-dataset'!B60 -> 1.1213828 | D23: ='Export-dataset'!C61 / 'Export-dataset'!C60 -> 1.0375872 | E23: ='Export-dataset'!D61 / 'Export-dataset'!D60 -> 0.92996968 | F23: ='Export-dataset'!E61 / 'Export-dataset'!E60 -> 0.81193145 | G23: ='Export-dataset'!F61 / 'Export-dataset'!F60 -> 0.94307184 | H23: ='Export-dataset'!G61 / 'Export-dataset'!G60 -> 1.0724276 | I23: ='Export-dataset'!H61 / 'Export-dataset'!H60 -> 1.2109185 | J23: ='Export-dataset'!I61 / 'Export-dataset'!I60 -> 1.1480224 | ... BX23: ='Export-dataset'!BW61 / 'Export-dataset'!BW60 -> 1.2571487 | BY23: 0 | BZ23: ='Export-dataset'!BY61 / 'Export-dataset'!BY60 -> 0.99678628 | CA23: ='Export-dataset'!BZ61 / 'Export-dataset'!BZ60 -> 0.91917852
A24: Y2010 | B24: Export | C24: ='Export-dataset'!B62 / 'Export-dataset'!B61 -> 0.82091088 | D24: ='Export-dataset'!C62 / 'Export-dataset'!C61 -> 1.0304803 | E24: ='Export-dataset'!D62 / 'Export-dataset'!D61 -> 1.0474334 | F24: ='Export-dataset'!E62 / 'Export-dataset'!E61 -> 1.0470292 | G24: ='Export-dataset'!F62 / 'Export-dataset'!F61 -> 1.020853 | H24: ='Export-dataset'!G62 / 'Export-dataset'!G61 -> 0.93665432 | I24: ='Export-dataset'!H62 / 'Export-dataset'!H61 -> 0.95369673 | J24: ='Export-dataset'!I62 / 'Export-dataset'!I61 -> 1.2834251 | ... BX24: ='Export-dataset'!BW62 / 'Export-dataset'!BW61 -> 1.0115525 | BY24: 0 | BZ24: ='Export-dataset'!BY62 / 'Export-dataset'!BY61 -> 0.93946462 | CA24: ='Export-dataset'!BZ62 / 'Export-dataset'!BZ61 -> 1.2020532
A25: Y2011 | B25: Export | C25: ='Export-dataset'!B63 / 'Export-dataset'!B62 -> 1.0234237 | D25: ='Export-dataset'!C63 / 'Export-dataset'!C62 -> 0.8080083 | E25: ='Export-dataset'!D63 / 'Export-dataset'!D62 -> 0.91718778 | F25: ='Export-dataset'!E63 / 'Export-dataset'!E62 -> 0.86782587 | G25: ='Export-dataset'!F63 / 'Export-dataset'!F62 -> 0.90029659 | H25: ='Export-dataset'!G63 / 'Export-dataset'!G62 -> 1.2499378 | I25: ='Export-dataset'!H63 / 'Export-dataset'!H62 -> 0.92796673 | J25: ='Export-dataset'!I63 / 'Export-dataset'!I62 -> 0.84510479 | ... BX25: ='Export-dataset'!BW63 / 'Export-dataset'!BW62 -> 1.6120721 | BY25: 0 | BZ25: ='Export-dataset'!BY63 / 'Export-dataset'!BY62 -> 1.0690528 | CA25: ='Export-dataset'!BZ63 / 'Export-dataset'!BZ62 -> 0.86235525
A26: Y2012 | B26: Export | C26: ='Export-dataset'!B64 / 'Export-dataset'!B63 -> 1.1032882 | D26: ='Export-dataset'!C64 / 'Export-dataset'!C63 -> 0.93686831 | E26: ='Export-dataset'!D64 / 'Export-dataset'!D63 -> 0.96694357 | F26: ='Export-dataset'!E64 / 'Export-dataset'!E63 -> 0.95652816 | G26: ='Export-dataset'!F64 / 'Export-dataset'!F63 -> 0.85833631 | H26: ='Export-dataset'!G64 / 'Export-dataset'!G63 -> 1.0190945 | I26: ='Export-dataset'!H64 / 'Export-dataset'!H63 -> 1.1921813 | J26: ='Export-dataset'!I64 / 'Export-dataset'!I63 -> 0.85586629 | ... BX26: ='Export-dataset'!BW64 / 'Export-dataset'!BW63 -> 0.85689233 | BY26: 0 | BZ26: ='Export-dataset'!BY64 / 'Export-dataset'!BY63 -> 1.0802529 | CA26: ='Export-dataset'!BZ64 / 'Export-dataset'!BZ63 -> 0.86794058
A27: Y2013 | B27: Export | C27: ='Export-dataset'!B65 / 'Export-dataset'!B64 -> 1.0149758 | D27: ='Export-dataset'!C65 / 'Export-dataset'!C64 -> 0.92025631 | E27: ='Export-dataset'!D65 / 'Export-dataset'!D64 -> 1.1194328 | F27: ='Export-dataset'!E65 / 'Export-dataset'!E64 -> 0.9897733 | G27: ='Export-dataset'!F65 / 'Export-dataset'!F64 -> 1.0012248 | H27: ='Export-dataset'!G65 / 'Export-dataset'!G64 -> 0.93613455 | I27: ='Export-dataset'!H65 / 'Export-dataset'!H64 -> 0.99356615 | J27: ='Export-dataset'!I65 / 'Export-dataset'!I64 -> 0.90653467 | ... BX27: ='Export-dataset'!BW65 / 'Export-dataset'!BW64 -> 1.4797016 | BY27: 0 | BZ27: ='Export-dataset'!BY65 / 'Export-dataset'!BY64 -> 0.93048685 | CA27: ='Export-dataset'!BZ65 / 'Export-dataset'!BZ64 -> 1.1037519
A28: Y2014 | B28: Export | C28: ='Export-dataset'!B66 / 'Export-dataset'!B65 -> 1.1300573 | D28: ='Export-dataset'!C66 / 'Export-dataset'!C65 -> 1.3605846 | E28: ='Export-dataset'!D66 / 'Export-dataset'!D65 -> 1.1662522 | F28: ='Export-dataset'!E66 / 'Export-dataset'!E65 -> 0.96815374 | G28: ='Export-dataset'!F66 / 'Export-dataset'!F65 -> 1.0300557 | H28: ='Export-dataset'!G66 / 'Export-dataset'!G65 -> 0.86173104 | I28: ='Export-dataset'!H66 / 'Export-dataset'!H65 -> 0.92786767 | J28: ='Export-dataset'!I66 / 'Export-dataset'!I65 -> 0.74111094 | ... BX28: ='Export-dataset'!BW66 / 'Export-dataset'!BW65 -> 0.70178722 | BY28: 0 | BZ28: ='Export-dataset'!BY66 / 'Export-dataset'!BY65 -> 0.99741366 | CA28: ='Export-dataset'!BZ66 / 'Export-dataset'!BZ65 -> 1.0272933
A29: Y2015 | B29: Export | C29: ='Export-dataset'!B67 / 'Export-dataset'!B66 -> 1.2210852 | D29: ='Export-dataset'!C67 / 'Export-dataset'!C66 -> 1.0235288 | E29: ='Export-dataset'!D67 / 'Export-dataset'!D66 -> 0.99034959 | F29: ='Export-dataset'!E67 / 'Export-dataset'!E66 -> 0.81383639 | G29: ='Export-dataset'!F67 / 'Export-dataset'!F66 -> 1.0065672 | H29: ='Export-dataset'!G67 / 'Export-dataset'!G66 -> 0.90783864 | I29: ='Export-dataset'!H67 / 'Export-dataset'!H66 -> 1.4377222 | J29: ='Export-dataset'!I67 / 'Export-dataset'!I66 -> 1.0047528 | ... CA29: ='Export-dataset'!BZ67 / 'Export-dataset'!BZ66 -> 0.96592345
A30: Y2016 | B30: Export | C30: ='Export-dataset'!B68 / 'Export-dataset'!B67 -> 0.88368295 | D30: ='Export-dataset'!C68 / 'Export-dataset'!C67 -> 1.0796041 | E30: ='Export-dataset'!D68 / 'Export-dataset'!D67 -> 0.92232976 | F30: ='Export-dataset'!E68 / 'Export-dataset'!E67 -> 1.0104783 | G30: ='Export-dataset'!F68 / 'Export-dataset'!F67 -> 1.0795459 | H30: ='Export-dataset'!G68 / 'Export-dataset'!G67 -> 0.88701527 | I30: ='Export-dataset'!H68 / 'Export-dataset'!H67 -> 1.1655429 | J30: ='Export-dataset'!I68 / 'Export-dataset'!I67 -> 1.2406424 | ... CA30: ='Export-dataset'!BZ68 / 'Export-dataset'!BZ67 -> 0.83477989
A31: Y2017 | B31: Export | C31: ='Export-dataset'!B69 / 'Export-dataset'!B68 -> 0.9622694 | D31: ='Export-dataset'!C69 / 'Export-dataset'!C68 -> 0.76961333 | E31: ='Export-dataset'!D69 / 'Export-dataset'!D68 -> 0.95135367 | F31: ='Export-dataset'!E69 / 'Export-dataset'!E68 -> 0.94668921 | G31: ='Export-dataset'!F69 / 'Export-dataset'!F68 -> 0.92046944 | H31: ='Export-dataset'!G69 / 'Export-dataset'!G68 -> 1.097881 | I31: ='Export-dataset'!H69 / 'Export-dataset'!H68 -> 1.0944268 | J31: ='Export-dataset'!I69 / 'Export-dataset'!I68 -> 0.92211887 | ... CA31: ='Export-dataset'!BZ69 / 'Export-dataset'!BZ68 -> 1.0232505
A32: Y2018 | B32: Export | C32: ='Export-dataset'!B70 / 'Export-dataset'!B69 -> 0.84274874 | D32: ='Export-dataset'!C70 / 'Export-dataset'!C69 -> 1.1703081 | E32: ='Export-dataset'!D70 / 'Export-dataset'!D69 -> 1.1928417 | F32: ='Export-dataset'!E70 / 'Export-dataset'!E69 -> 1.0977407 | G32: ='Export-dataset'!F70 / 'Export-dataset'!F69 -> 1.0703545 | H32: ='Export-dataset'!G70 / 'Export-dataset'!G69 -> 0.81418279 | I32: ='Export-dataset'!H70 / 'Export-dataset'!H69 -> 0.72582838 | J32: ='Export-dataset'!I70 / 'Export-dataset'!I69 -> 0.94324207 | ... S32: ='Export-dataset'!R70 / 'Export-dataset'!R69 -> 0.68264845 | T32: 0 | U32: ='Export-dataset'!T70 / 'Export-dataset'!T69 -> 1.045219 | V32: ='Export-dataset'!U70 / 'Export-dataset'!U69 -> 0.79966856 | W32: ='Export-dataset'!V70 / 'Export-dataset'!V69 -> 1.0296301 | X32: ='Export-dataset'!W70 / 'Export-dataset'!W69 -> 1.2468515 | Y32: ='Export-dataset'!X70 / 'Export-dataset'!X69 -> 1.0008889 | Z32: ='Export-dataset'!Y70 / 'Export-dataset'!Y69 -> 1.0958321 | AA32: ='Export-dataset'!Z70 / 'Export-dataset'!Z69 -> 1.1729471 | AB32: ='Export-dataset'!AA70 / 'Export-dataset'!AA69 -> 0.87224188 | ... CA32: ='Export-dataset'!BZ70 / 'Export-dataset'!BZ69 -> 0.79493239
A33: Y2019 | B33: Export | C33: ='Export-dataset'!B71 / 'Export-dataset'!B70 -> 0.9432491 | D33: ='Export-dataset'!C71 / 'Export-dataset'!C70 -> 1.0913517 | E33: ='Export-dataset'!D71 / 'Export-dataset'!D70 -> 1.1335701 | F33: ='Export-dataset'!E71 / 'Export-dataset'!E70 -> 0.93948087 | G33: ='Export-dataset'!F71 / 'Export-dataset'!F70 -> 0.97510193 | H33: ='Export-dataset'!G71 / 'Export-dataset'!G70 -> 0.75333204 | I33: ='Export-dataset'!H71 / 'Export-dataset'!H70 -> 1.0799765 | J33: ='Export-dataset'!I71 / 'Export-dataset'!I70 -> 0.83690828 | ... BX33: ='Export-dataset'!BW71 / 'Export-dataset'!BW70 -> 0.89608248 | BY33: 0 | BZ33: ='Export-dataset'!BY71 / 'Export-dataset'!BY70 -> 1.0346988 | CA33: ='Export-dataset'!BZ71 / 'Export-dataset'!BZ70 -> 0.94498055
A34: Y2020 | B34: Export | C34: ='Export-dataset'!B72 / 'Export-dataset'!B71 -> 1.0174202 | D34: ='Export-dataset'!C72 / 'Export-dataset'!C71 -> 0.96874747 | E34: ='Export-dataset'!D72 / 'Export-dataset'!D71 -> 0.94394009 | F34: ='Export-dataset'!E72 / 'Export-dataset'!E71 -> 1.0805099 | G34: ='Export-dataset'!F72 / 'Export-dataset'!F71 -> 0.84938854 | H34: ='Export-dataset'!G72 / 'Export-dataset'!G71 -> 1.1552044 | I34: ='Export-dataset'!H72 / 'Export-dataset'!H71 -> 1.0605798 | J34: ='Export-dataset'!I72 / 'Export-dataset'!I71 -> 1.1158701 | ... BX34: ='Export-dataset'!BW72 / 'Export-dataset'!BW71 -> 1.3485534 | BY34: 0 | BZ34: ='Export-dataset'!BY72 / 'Export-dataset'!BY71 -> 0.97192984 | CA34: ='Export-dataset'!BZ72 / 'Export-dataset'!BZ71 -> 1.1252124
A35: Y2021 | B35: Export | C35: ='Export-dataset'!B73 / 'Export-dataset'!B72 -> 0.9675052 | D35: ='Export-dataset'!C73 / 'Export-dataset'!C72 -> 0.69106836 | E35: ='Export-dataset'!D73 / 'Export-dataset'!D72 -> 0.82362411 | F35: ='Export-dataset'!E73 / 'Export-dataset'!E72 -> 0.94790769 | G35: ='Export-dataset'!F73 / 'Export-dataset'!F72 -> 0.80363419 | H35: ='Export-dataset'!G73 / 'Export-dataset'!G72 -> 1.7922156 | I35: ='Export-dataset'!H73 / 'Export-dataset'!H72 -> 0.89461802 | J35: ='Export-dataset'!I73 / 'Export-dataset'!I72 -> 0.919483 | ... CA35: ='Export-dataset'!BZ73 / 'Export-dataset'!BZ72 -> 1.320157
A36: Y2022 | B36: Export | C36: ='Export-dataset'!B74 / 'Export-dataset'!B73 -> 0.94128907 | D36: ='Export-dataset'!C74 / 'Export-dataset'!C73 -> 0.75588538 | E36: ='Export-dataset'!D74 / 'Export-dataset'!D73 -> 0.91924449 | F36: ='Export-dataset'!E74 / 'Export-dataset'!E73 -> 0.94143978 | G36: ='Export-dataset'!F74 / 'Export-dataset'!F73 -> 0.81826464 | H36: ='Export-dataset'!G74 / 'Export-dataset'!G73 -> 1.2012224 | I36: ='Export-dataset'!H74 / 'Export-dataset'!H73 -> 0.91317455 | J36: ='Export-dataset'!I74 / 'Export-dataset'!I73 -> 0.82735505 | ... CA36: ='Export-dataset'!BZ74 / 'Export-dataset'!BZ73 -> 1.2082142
A37: Y2023 | B37: Export | C37: ='Export-dataset'!B75 / 'Export-dataset'!B74 -> 1.0956471 | D37: ='Export-dataset'!C75 / 'Export-dataset'!C74 -> 0.79003244 | E37: ='Export-dataset'!D75 / 'Export-dataset'!D74 -> 1.0403066 | F37: ='Export-dataset'!E75 / 'Export-dataset'!E74 -> 0.85992546 | G37: ='Export-dataset'!F75 / 'Export-dataset'!F74 -> 1.0838177 | H37: ='Export-dataset'!G75 / 'Export-dataset'!G74 -> 0.96821733 | I37: ='Export-dataset'!H75 / 'Export-dataset'!H74 -> 1.1370469 | J37: ='Export-dataset'!I75 / 'Export-dataset'!I74 -> 0.89773807 | ... CA37: ='Export-dataset'!BZ75 / 'Export-dataset'!BZ74 -> 0.81886118
A38: Y2024 | B38: Export | C38: ='Export-dataset'!B76 / 'Export-dataset'!B75 -> 1.0387037 | D38: ='Export-dataset'!C76 / 'Export-dataset'!C75 -> 0.93601754 | E38: ='Export-dataset'!D76 / 'Export-dataset'!D75 -> 1.2474796 | F38: ='Export-dataset'!E76 / 'Export-dataset'!E75 -> 1.1898043 | G38: ='Export-dataset'!F76 / 'Export-dataset'!F75 -> 0.94670957 | H38: ='Export-dataset'!G76 / 'Export-dataset'!G75 -> 0.69245118 | I38: ='Export-dataset'!H76 / 'Export-dataset'!H75 -> 1.2564205 | J38: ='Export-dataset'!I76 / 'Export-dataset'!I75 -> 1.0455192 | ... CA38: ='Export-dataset'!BZ76 / 'Export-dataset'!BZ75 -> 0.67080395

Sheet  analytical pattern
A1: trade | B1: Year-1 | C1: ='Import-dataset'!B1 -> 0 Food and live animals ; | D1: ='Import-dataset'!C1 -> 00 Live animals (excl. fish (not marine mammals) crustaceans, molluscs and aquatic invertebrates of SITC Division 03) ; | E1: ='Import-dataset'!D1 -> 01 Meat and meat preparations ; | F1: ='Import-dataset'!E1 -> 02 Dairy products and birds’ eggs ; | G1: ='Import-dataset'!F1 -> 03 Fish (excl. marine mammals) crustaceans, molluscs and aquatic invertebrates, and preparations thereof (excl. extracts and juices of fish, crustaceans, molluscs or other aquatic invertebrates, prepared or preserved of SITC 01710) ; | H1: ='Import-dataset'!G1 -> 04 Cereals and cereal preparations ; | I1: ='Import-dataset'!H1 -> 05 Vegetables and fruit ; | J1: ='Import-dataset'!I1 -> 06 Sugars, sugar preparations and honey ; | ... CA1: ='Import-dataset'!BZ1 -> 98 Combined confidential items excluding some of SITC 28099 (exports only) and some of SITC 51099 (imports only) ;
A2: Export | B2: =RIGHT('Export-dataset'!A2,4)+1 -> 1989 | C2: ='Export-dataset'!B3/'Export-dataset'!B2 -> 1.200177 | D2: ='Export-dataset'!C3/'Export-dataset'!C2 -> 0.75776398 | E2: ='Export-dataset'!D3/'Export-dataset'!D2 -> 1.0891457 | F2: ='Export-dataset'!E3/'Export-dataset'!E2 -> 1.289225 | G2: ='Export-dataset'!F3/'Export-dataset'!F2 -> 0.97435897 | H2: ='Export-dataset'!G3/'Export-dataset'!G2 -> 1.5475616 | I2: ='Export-dataset'!H3/'Export-dataset'!H2 -> 0.85099338 | J2: ='Export-dataset'!I3/'Export-dataset'!I2 -> 1.3131548 | ... CA2: ='Export-dataset'!BZ3/'Export-dataset'!BZ2 -> 1.1103166
A3: Export | B3: =RIGHT('Export-dataset'!A3,4)+1 -> 1990 | C3: ='Export-dataset'!B4/'Export-dataset'!B3 -> 1.0247603 | D3: ='Export-dataset'!C4/'Export-dataset'!C3 -> 0.66803279 | E3: ='Export-dataset'!D4/'Export-dataset'!D3 -> 1.1708981 | F3: ='Export-dataset'!E4/'Export-dataset'!E3 -> 0.99120235 | G3: ='Export-dataset'!F4/'Export-dataset'!F3 -> 1.0464396 | H3: ='Export-dataset'!G4/'Export-dataset'!G3 -> 0.94040562 | I3: ='Export-dataset'!H4/'Export-dataset'!H3 -> 1.1303502 | J3: ='Export-dataset'!I4/'Export-dataset'!I3 -> 0.97606383 | ... CA3: ='Export-dataset'!BZ4/'Export-dataset'!BZ3 -> 0.77736891
A4: Export | B4: =RIGHT('Export-dataset'!A4,4)+1 -> 1991 | C4: ='Export-dataset'!B5/'Export-dataset'!B4 -> 0.95743368 | D4: ='Export-dataset'!C5/'Export-dataset'!C4 -> 1.1165644 | E4: ='Export-dataset'!D5/'Export-dataset'!D4 -> 1.0482201 | F4: ='Export-dataset'!E5/'Export-dataset'!E4 -> 1.1730769 | G4: ='Export-dataset'!F5/'Export-dataset'!F4 -> 1.0931953 | H4: ='Export-dataset'!G5/'Export-dataset'!G4 -> 0.79993364 | I4: ='Export-dataset'!H5/'Export-dataset'!H4 -> 1.1204819 | J4: ='Export-dataset'!I5/'Export-dataset'!I4 -> 0.69482289 | ... CA4: ='Export-dataset'!BZ5/'Export-dataset'!BZ4 -> 1.0106509
A5: Export | B5: =RIGHT('Export-dataset'!A5,4)+1 -> 1992 | C5: ='Export-dataset'!B6/'Export-dataset'!B5 -> 1.1365979 | D5: ='Export-dataset'!C6/'Export-dataset'!C5 -> 1.2417582 | E5: ='Export-dataset'!D6/'Export-dataset'!D5 -> 1.132757 | F5: ='Export-dataset'!E6/'Export-dataset'!E5 -> 1.2068096 | G5: ='Export-dataset'!F6/'Export-dataset'!F5 -> 1.2354533 | H5: ='Export-dataset'!G6/'Export-dataset'!G5 -> 1.0157611 | I5: ='Export-dataset'!H6/'Export-dataset'!H5 -> 1.2672811 | J5: ='Export-dataset'!I6/'Export-dataset'!I5 -> 1.1607843 | ... CA5: ='Export-dataset'!BZ6/'Export-dataset'!BZ5 -> 0.92622951
A6: Export | B6: =RIGHT('Export-dataset'!A6,4)+1 -> 1993 | C6: ='Export-dataset'!B7/'Export-dataset'!B6 -> 1.175359 | D6: ='Export-dataset'!C7/'Export-dataset'!C6 -> 1.2787611 | E6: ='Export-dataset'!D7/'Export-dataset'!D6 -> 1.0787681 | F6: ='Export-dataset'!E7/'Export-dataset'!E6 -> 1.2215256 | G6: ='Export-dataset'!F7/'Export-dataset'!F6 -> 1.1588171 | H6: ='Export-dataset'!G7/'Export-dataset'!G6 -> 1.2666394 | I6: ='Export-dataset'!H7/'Export-dataset'!H6 -> 1.1054545 | J6: ='Export-dataset'!I7/'Export-dataset'!I6 -> 1.3626126 | ... CA6: ='Export-dataset'!BZ7/'Export-dataset'!BZ6 -> 1.1289507
A7: Export | B7: =RIGHT('Export-dataset'!A7,4)+1 -> 1994 | C7: ='Export-dataset'!B8/'Export-dataset'!B7 -> 1.0767685 | D7: ='Export-dataset'!C8/'Export-dataset'!C7 -> 1.2422145 | E7: ='Export-dataset'!D8/'Export-dataset'!D7 -> 0.9598282 | F7: ='Export-dataset'!E8/'Export-dataset'!E7 -> 1.2172797 | G7: ='Export-dataset'!F8/'Export-dataset'!F7 -> 1.0321361 | H7: ='Export-dataset'!G8/'Export-dataset'!G7 -> 1.0767247 | I7: ='Export-dataset'!H8/'Export-dataset'!H7 -> 1.0153509 | J7: ='Export-dataset'!I8/'Export-dataset'!I7 -> 1.3818182 | ... CA7: ='Export-dataset'!BZ8/'Export-dataset'!BZ7 -> 1.1007839
A8: Export | B8: =RIGHT('Export-dataset'!A8,4)+1 -> 1995 | C8: ='Export-dataset'!B9/'Export-dataset'!B8 -> 0.97596118 | D8: ='Export-dataset'!C9/'Export-dataset'!C8 -> 1.6044568 | E8: ='Export-dataset'!D9/'Export-dataset'!D8 -> 0.93156094 | F8: ='Export-dataset'!E9/'Export-dataset'!E8 -> 1.0505973 | G8: ='Export-dataset'!F9/'Export-dataset'!F8 -> 1.0622711 | H8: ='Export-dataset'!G9/'Export-dataset'!G8 -> 0.80508982 | I8: ='Export-dataset'!H9/'Export-dataset'!H8 -> 0.99460043 | J8: ='Export-dataset'!I9/'Export-dataset'!I8 -> 1.1226077 | ... CA8: ='Export-dataset'!BZ9/'Export-dataset'!BZ8 -> 0.95116989
A9: Export | B9: =RIGHT('Export-dataset'!A9,4)+1 -> 1996 | C9: ='Export-dataset'!B10/'Export-dataset'!B9 -> 1.2089803 | D9: ='Export-dataset'!C10/'Export-dataset'!C9 -> 1.1440972 | E9: ='Export-dataset'!D10/'Export-dataset'!D9 -> 0.81717999 | F9: ='Export-dataset'!E10/'Export-dataset'!E9 -> 1.1772575 | G9: ='Export-dataset'!F10/'Export-dataset'!F9 -> 0.90517241 | H9: ='Export-dataset'!G10/'Export-dataset'!G9 -> 2.1424321 | I9: ='Export-dataset'!H10/'Export-dataset'!H9 -> 1.1769815 | J9: ='Export-dataset'!I10/'Export-dataset'!I9 -> 0.87852957 | ... CA9: ='Export-dataset'!BZ10/'Export-dataset'!BZ9 -> 1.1946524
A10: Export | B10: =RIGHT('Export-dataset'!A10,4)+1 -> 1997 | C10: ='Export-dataset'!B11/'Export-dataset'!B10 -> 1.0883265 | D10: ='Export-dataset'!C11/'Export-dataset'!C10 -> 1.1274659 | E10: ='Export-dataset'!D11/'Export-dataset'!D10 -> 1.1901798 | F10: ='Export-dataset'!E11/'Export-dataset'!E10 -> 1.0420455 | G10: ='Export-dataset'!F11/'Export-dataset'!F10 -> 1.1457143 | H10: ='Export-dataset'!G11/'Export-dataset'!G10 -> 1.0487763 | I10: ='Export-dataset'!H11/'Export-dataset'!H10 -> 1.0664207 | J10: ='Export-dataset'!I11/'Export-dataset'!I10 -> 1.0448757 | ... CA10: ='Export-dataset'!BZ11/'Export-dataset'!BZ10 -> 1.0922113
A11: Export | B11: =RIGHT('Export-dataset'!A11,4)+1 -> 1998 | C11: ='Export-dataset'!B12/'Export-dataset'!B11 -> 0.88111156 | D11: ='Export-dataset'!C12/'Export-dataset'!C11 -> 0.76312248 | E11: ='Export-dataset'!D12/'Export-dataset'!D11 -> 1.136258 | F11: ='Export-dataset'!E12/'Export-dataset'!E11 -> 1.1679389 | G11: ='Export-dataset'!F12/'Export-dataset'!F11 -> 0.97921862 | H11: ='Export-dataset'!G12/'Export-dataset'!G11 -> 0.83035419 | I11: ='Export-dataset'!H12/'Export-dataset'!H11 -> 0.98183391 | J11: ='Export-dataset'!I12/'Export-dataset'!I11 -> 0.10446895 | ... CA11: ='Export-dataset'!BZ12/'Export-dataset'!BZ11 -> 2.4163934
A12: Export | B12: =RIGHT('Export-dataset'!A12,4)+1 -> 1999 | C12: ='Export-dataset'!B13/'Export-dataset'!B12 -> 1.0475059 | D12: ='Export-dataset'!C13/'Export-dataset'!C12 -> 1.2310406 | E12: ='Export-dataset'!D13/'Export-dataset'!D12 -> 1.0644336 | F12: ='Export-dataset'!E13/'Export-dataset'!E12 -> 1.0312792 | G12: ='Export-dataset'!F13/'Export-dataset'!F12 -> 1.1774194 | H12: ='Export-dataset'!G13/'Export-dataset'!G12 -> 0.97309149 | I12: ='Export-dataset'!H13/'Export-dataset'!H12 -> 1.0502203 | J12: ='Export-dataset'!I13/'Export-dataset'!I12 -> 0.91111111 | ... CA12: ='Export-dataset'!BZ13/'Export-dataset'!BZ12 -> 0.77849389
A13: Export | B13: =RIGHT('Export-dataset'!A13,4)+1 -> 2000 | C13: ='Export-dataset'!B14/'Export-dataset'!B13 -> 1.1945704 | D13: ='Export-dataset'!C14/'Export-dataset'!C13 -> 1.1432665 | E13: ='Export-dataset'!D14/'Export-dataset'!D13 -> 1.210185 | F13: ='Export-dataset'!E14/'Export-dataset'!E13 -> 1.2331372 | G13: ='Export-dataset'!F14/'Export-dataset'!F13 -> 1.2184571 | H13: ='Export-dataset'!G14/'Export-dataset'!G13 -> 1.1073331 | I13: ='Export-dataset'!H14/'Export-dataset'!H13 -> 1.2248322 | J13: ='Export-dataset'!I14/'Export-dataset'!I13 -> 1.2743902 | ... CA13: ='Export-dataset'!BZ14/'Export-dataset'!BZ13 -> 1.4204793
... A37: Export | B37: =RIGHT('Export-dataset'!A37,4)+1 -> 2024 | C37: ='Export-dataset'!B38/'Export-dataset'!B37 -> 0.96290343 | D37: ='Export-dataset'!C38/'Export-dataset'!C37 -> 0.9012945 | E37: ='Export-dataset'!D38/'Export-dataset'!D37 -> 1.2012024 | F37: ='Export-dataset'!E38/'Export-dataset'!E37 -> 1.1456667 | G37: ='Export-dataset'!F38/'Export-dataset'!F37 -> 0.9115899 | H37: ='Export-dataset'!G38/'Export-dataset'!G37 -> 0.66676362 | I37: ='Export-dataset'!H38/'Export-dataset'!H37 -> 1.2098116 | J37: ='Export-dataset'!I38/'Export-dataset'!I37 -> 1.006734 | ... CA37: ='Export-dataset'!BZ38/'Export-dataset'!BZ37 -> 0.73452276
A38: Import | B38: =RIGHT('Import-dataset'!A2,4)+1 -> 1989 | C38: ='Import-dataset'!B3/'Import-dataset'!B2 -> 1.1427725 | D38: ='Import-dataset'!C3/'Import-dataset'!C2 -> 0.98051948 | E38: ='Import-dataset'!D3/'Import-dataset'!D2 -> 1.2 | F38: ='Import-dataset'!E3/'Import-dataset'!E2 -> 1.0666667 | G38: ='Import-dataset'!F3/'Import-dataset'!F2 -> 1.0862069 | H38: ='Import-dataset'!G3/'Import-dataset'!G2 -> 1.2463768 | I38: ='Import-dataset'!H3/'Import-dataset'!H2 -> 1.3397436 | J38: ='Import-dataset'!I3/'Import-dataset'!I2 -> 1.3243243 | ... CA38: ='Import-dataset'!BZ3/'Import-dataset'!BZ2 -> 0.55458515
A39: Import | B39: =RIGHT('Import-dataset'!A3,4)+1 -> 1990 | C39: ='Import-dataset'!B4/'Import-dataset'!B3 -> 0.99222395 | D39: ='Import-dataset'!C4/'Import-dataset'!C3 -> 0.8013245 | E39: ='Import-dataset'!D4/'Import-dataset'!D3 -> 0.93333333 | F39: ='Import-dataset'!E4/'Import-dataset'!E3 -> 1.1979167 | G39: ='Import-dataset'!F4/'Import-dataset'!F3 -> 0.99319728 | H39: ='Import-dataset'!G4/'Import-dataset'!G3 -> 1.1744186 | I39: ='Import-dataset'!H4/'Import-dataset'!H3 -> 0.92822967 | J39: ='Import-dataset'!I4/'Import-dataset'!I3 -> 1.244898 | ... CA39: ='Import-dataset'!BZ4/'Import-dataset'!BZ3 -> 1.0787402
A40: Import | B40: =RIGHT('Import-dataset'!A4,4)+1 -> 1991 | C40: ='Import-dataset'!B5/'Import-dataset'!B4 -> 1.0454545 | D40: ='Import-dataset'!C5/'Import-dataset'!C4 -> 0.51239669 | E40: ='Import-dataset'!D5/'Import-dataset'!D4 -> 1.4285714 | F40: ='Import-dataset'!E5/'Import-dataset'!E4 -> 1.1565217 | G40: ='Import-dataset'!F5/'Import-dataset'!F4 -> 1.0342466 | H40: ='Import-dataset'!G5/'Import-dataset'!G4 -> 1.0693069 | I40: ='Import-dataset'!H5/'Import-dataset'!H4 -> 1.1159794 | J40: ='Import-dataset'!I5/'Import-dataset'!I4 -> 0.93442623 | ... CA40: ='Import-dataset'!BZ5/'Import-dataset'!BZ4 -> 0.67883212
A41: Import | B41: =RIGHT('Import-dataset'!A5,4)+1 -> 1992 | C41: ='Import-dataset'!B6/'Import-dataset'!B5 -> 1.0714643 | D41: ='Import-dataset'!C6/'Import-dataset'!C5 -> 0.9516129 | E41: ='Import-dataset'!D6/'Import-dataset'!D5 -> 0.975 | F41: ='Import-dataset'!E6/'Import-dataset'!E5 -> 1.1428571 | G41: ='Import-dataset'!F6/'Import-dataset'!F5 -> 1.0662252 | H41: ='Import-dataset'!G6/'Import-dataset'!G5 -> 1.212963 | I41: ='Import-dataset'!H6/'Import-dataset'!H5 -> 1.0969977 | J41: ='Import-dataset'!I6/'Import-dataset'!I5 -> 1.2807018 | ... CA41: ='Import-dataset'!BZ6/'Import-dataset'!BZ5 -> 0.70967742
A42: Import | B42: =RIGHT('Import-dataset'!A6,4)+1 -> 1993 | C42: ='Import-dataset'!B7/'Import-dataset'!B6 -> 1.1128731 | D42: ='Import-dataset'!C7/'Import-dataset'!C6 -> 1.1016949 | E42: ='Import-dataset'!D7/'Import-dataset'!D6 -> 1 | F42: ='Import-dataset'!E7/'Import-dataset'!E6 -> 1.0460526 | G42: ='Import-dataset'!F7/'Import-dataset'!F6 -> 1.1138716 | H42: ='Import-dataset'!G7/'Import-dataset'!G6 -> 1.0610687 | I42: ='Import-dataset'!H7/'Import-dataset'!H6 -> 1.0547368 | J42: ='Import-dataset'!I7/'Import-dataset'!I6 -> 1 | ... CA42: ='Import-dataset'!BZ7/'Import-dataset'!BZ6 -> 1.030303
A43: Import | B43: =RIGHT('Import-dataset'!A7,4)+1 -> 1994 | C43: ='Import-dataset'!B8/'Import-dataset'!B7 -> 1.0813076 | D43: ='Import-dataset'!C8/'Import-dataset'!C7 -> 1.2461538 | E43: ='Import-dataset'!D8/'Import-dataset'!D7 -> 1.0769231 | F43: ='Import-dataset'!E8/'Import-dataset'!E7 -> 1.0125786 | G43: ='Import-dataset'!F8/'Import-dataset'!F7 -> 1.0817844 | H43: ='Import-dataset'!G8/'Import-dataset'!G7 -> 1.0647482 | I43: ='Import-dataset'!H8/'Import-dataset'!H7 -> 1.005988 | J43: ='Import-dataset'!I8/'Import-dataset'!I7 -> 1.0273973 | ... CA43: ='Import-dataset'!BZ8/'Import-dataset'!BZ7 -> 0.91176471
A44: Import | B44: =RIGHT('Import-dataset'!A8,4)+1 -> 1995 | C44: ='Import-dataset'!B9/'Import-dataset'!B8 -> 1.1410853 | D44: ='Import-dataset'!C9/'Import-dataset'!C8 -> 1.308642 | E44: ='Import-dataset'!D9/'Import-dataset'!D8 -> 1.2142857 | F44: ='Import-dataset'!E9/'Import-dataset'!E8 -> 1.1490683 | G44: ='Import-dataset'!F9/'Import-dataset'!F8 -> 1.0274914 | H44: ='Import-dataset'!G9/'Import-dataset'!G8 -> 1.472973 | I44: ='Import-dataset'!H9/'Import-dataset'!H8 -> 1.140873 | J44: ='Import-dataset'!I9/'Import-dataset'!I8 -> 1.1733333 | ... CA44: ='Import-dataset'!BZ9/'Import-dataset'!BZ8 -> 1.0967742
A45: Import | B45: =RIGHT('Import-dataset'!A9,4)+1 -> 1996 | C45: ='Import-dataset'!B10/'Import-dataset'!B9 -> 0.99116848 | D45: ='Import-dataset'!C10/'Import-dataset'!C9 -> 0.86792453 | E45: ='Import-dataset'!D10/'Import-dataset'!D9 -> 1.0980392 | F45: ='Import-dataset'!E10/'Import-dataset'!E9 -> 1.0864865 | G45: ='Import-dataset'!F10/'Import-dataset'!F9 -> 1.0117057 | H45: ='Import-dataset'!G10/'Import-dataset'!G9 -> 0.75688073 | I45: ='Import-dataset'!H10/'Import-dataset'!H9 -> 1.0382609 | J45: ='Import-dataset'!I10/'Import-dataset'!I9 -> 0.98863636 | ... CA45: ='Import-dataset'!BZ10/'Import-dataset'!BZ9 -> 1
A46: Import | B46: =RIGHT('Import-dataset'!A10,4)+1 -> 1997 | C46: ='Import-dataset'!B11/'Import-dataset'!B10 -> 1.0928718 | D46: ='Import-dataset'!C11/'Import-dataset'!C10 -> 1.3043478 | E46: ='Import-dataset'!D11/'Import-dataset'!D10 -> 1.2321429 | F46: ='Import-dataset'!E11/'Import-dataset'!E10 -> 0.960199 | G46: ='Import-dataset'!F11/'Import-dataset'!F10 -> 1.0429752 | H46: ='Import-dataset'!G11/'Import-dataset'!G10 -> 1.2363636 | I46: ='Import-dataset'!H11/'Import-dataset'!H10 -> 0.98827471 | J46: ='Import-dataset'!I11/'Import-dataset'!I10 -> 1.0344828 | ... CA46: ='Import-dataset'!BZ11/'Import-dataset'!BZ10 -> 1.1029412
A47: Import | B47: =RIGHT('Import-dataset'!A11,4)+1 -> 1998 | C47: ='Import-dataset'!B12/'Import-dataset'!B11 -> 1.1486359 | D47: ='Import-dataset'!C12/'Import-dataset'!C11 -> 1 | E47: ='Import-dataset'!D12/'Import-dataset'!D11 -> 0.85507246 | F47: ='Import-dataset'!E12/'Import-dataset'!E11 -> 1.238342 | G47: ='Import-dataset'!F12/'Import-dataset'!F11 -> 1.155309 | H47: ='Import-dataset'!G12/'Import-dataset'!G11 -> 1.127451 | I47: ='Import-dataset'!H12/'Import-dataset'!H11 -> 1.1288136 | J47: ='Import-dataset'!I12/'Import-dataset'!I11 -> 1.1555556 | ... CA47: ='Import-dataset'!BZ12/'Import-dataset'!BZ11 -> 1.9733333
A48: Import | B48: =RIGHT('Import-dataset'!A12,4)+1 -> 1999 | C48: ='Import-dataset'!B13/'Import-dataset'!B12 -> 1.048594 | D48: ='Import-dataset'!C13/'Import-dataset'!C12 -> 1.0416667 | E48: ='Import-dataset'!D13/'Import-dataset'!D12 -> 1.6610169 | F48: ='Import-dataset'!E13/'Import-dataset'!E12 -> 1.1464435 | G48: ='Import-dataset'!F13/'Import-dataset'!F12 -> 1.0685871 | H48: ='Import-dataset'!G13/'Import-dataset'!G12 -> 1.1 | I48: ='Import-dataset'!H13/'Import-dataset'!H12 -> 1.1141141 | J48: ='Import-dataset'!I13/'Import-dataset'!I12 -> 1.0192308 | ... CA48: ='Import-dataset'!BZ13/'Import-dataset'!BZ12 -> 0.75675676
A49: Import | B49: =RIGHT('Import-dataset'!A13,4)+1 -> 2000 | C49: ='Import-dataset'!B14/'Import-dataset'!B13 -> 1.0627441 | D49: ='Import-dataset'!C14/'Import-dataset'!C13 -> 0.776 | E49: ='Import-dataset'!D14/'Import-dataset'!D13 -> 1.6530612 | F49: ='Import-dataset'!E14/'Import-dataset'!E13 -> 1.0109489 | G49: ='Import-dataset'!F14/'Import-dataset'!F13 -> 1.0308087 | H49: ='Import-dataset'!G14/'Import-dataset'!G13 -> 1.1699605 | I49: ='Import-dataset'!H14/'Import-dataset'!H13 -> 1.0026954 | J49: ='Import-dataset'!I14/'Import-dataset'!I13 -> 1.1132075 | ... CA49: ='Import-dataset'!BZ14/'Import-dataset'!BZ13 -> 1.1964286
... A73: Import | B73: =RIGHT('Import-dataset'!A37,4)+1 -> 2024 | C73: ='Import-dataset'!B38/'Import-dataset'!B37 -> 1.133357 | D73: ='Import-dataset'!C38/'Import-dataset'!C37 -> 0.94811321 | E73: ='Import-dataset'!D38/'Import-dataset'!D37 -> 1.2096618 | F73: ='Import-dataset'!E38/'Import-dataset'!E37 -> 0.95132743 | G73: ='Import-dataset'!F38/'Import-dataset'!F37 -> 1.0834081 | H73: ='Import-dataset'!G38/'Import-dataset'!G37 -> 1.1830524 | I73: ='Import-dataset'!H38/'Import-dataset'!H37 -> 1.1625074 | J73: ='Import-dataset'!I38/'Import-dataset'!I37 -> 1.1260229 | ... CA73: ='Import-dataset'!BZ38/'Import-dataset'!BZ37 -> 0.90707174

Sheet import statistical pattern shee
A1: Year | B1: Trade | C1: 0 Food and live animals | D1: 00 Live animals (excl. fish (not marine mammals) crustaceans, molluscs and aquatic invertebrates of SITC Division 03) | E1: 01 Meat and meat preparations | F1: 02 Dairy products and birds’ eggs | G1: 03 Fish (excl. marine mammals) crustaceans, molluscs and aquatic invertebrates, and preparations thereof (excl. extracts and juices of fish, crustaceans, molluscs or other aquatic invertebrates, prepared or preserved of SITC 01710) | H1: 04 Cereals and cereal preparations | I1: 05 Vegetables and fruit | J1: 06 Sugars, sugar preparations and honey | K1: 07 Coffee, tea, cocoa, spices, and manufactures thereof | L1: 08 Feeding stuff for animals (excl. unmilled cereals) | M1: 09 Miscellaneous edible products and preparations | N1: 1 Beverages and tobacco | O1: 11 Beverages | P1: 12 Tobacco and tobacco manufactures | Q1: 2 Crude materials, inedible, except fuels | R1: 21 Hides, skins and furskins, raw | S1: 22 Oil-seeds and oleaginous fruits | T1: 23 Crude rubber (incl. synthetic and reclaimed) | U1: 24 Cork and wood | V1: 25 Pulp and waste paper | W1: 26 Textile fibres (excl. wool tops and other combed wool) and their wastes, not manufactured into yarn or fabric | X1: 27 Crude fertilizers (excl. those of Division 56) and crude minerals (excl. coal, petroleum and precious stones) | Y1: 28 Metalliferous ores and metal scrap | Z1: 29 Crude animal and vegetable materials, nes | AA1: 3 Mineral fuels, lubricants and related materials | AB1: 32 Coal, coke and briquettes | AC1: 33 Petroleum, petroleum products and related materials | AD1: 34 Gas, natural and manufactured | AE1: 4 Animal and vegetable oils, fats and waxes | AF1: 41 Animal oils and fats | AG1: 42 Fixed vegetable fats and oils, crude, refined or fractionated | AH1: 43 Animal or vegetable fats and oils, processed; waxes of animal or vegetable origin; inedible mixtures or preparations of animal or vegetable fats or oils, nes | AI1: 5 Chemicals and related products, nes | AJ1: 51 Organic chemicals | AK1: 52 Inorganic chemicals | AL1: 53 Dyeing, tanning and colouring materials | AM1: 54 Medicinal and pharmaceutical products | AN1: 55 Essential oils and resinoids and perfume materials; toilet, polishing and cleansing preparations | AO1: 56 Fertilisers (excl. those of group 272) | AP1: 57 Plastics in primary forms | AQ1: 58 Plastics in non-primary forms | AR1: 59 Chemical materials and products, nes | AS1: 6 Manufactured goods classified chiefly by material | AT1: 61 Leather, leather manufactures, nes, and dressed furskins | AU1: 62 Rubber manufactures, nes | AV1: 63 Cork and wood manufactures (excl. furniture) | AW1: 64 Paper, paperboard and articles of paper pulp, of paper or of paperboard | AX1: 65 Textile yarn, fabrics, made-up articles nes, and related products | AY1: 66 Non-metallic mineral manufactures, nes | AZ1: 67 Iron and steel | BA1: 68 Non-ferrous metals | BB1: 69 Manufactures of metals, nes | BC1: 7 Machinery and transport equipment | BD1: 71 Power generating machinery and equipment | BE1: 72 Machinery specialized for particular industries | BF1: 73 Metalworking machinery | BG1: 74 General industrial machinery and equipment, nes, and machine parts, nes | BH1: 75 Office machines and automatic data processing machines | BI1: 76 Telecommunications and sound recording and reproducing apparatus and equipment | BJ1: 77 Electrical machinery, apparatus and appliances, nes, and electrical parts thereof (incl. non electrical counterparts, nes, of electrical household type equipment) | BK1: 78 Road vehicles (incl. air-cushion vehicles) | BL1: 79 Transport equipment (excl. road vehicles) | BM1: 8 Miscellaneous manufactured articles | BN1: 81 Prefabricated buildings and sanitary, plumbing, heating and lighting fixtures and fittings, nes | BO1: 82 Furniture and parts thereof; bedding, mattresses, mattress supports, cushions and similar stuffed furnishings | BP1: 83 Travel goods, handbags and similar containers | BQ1: 84 Articles of apparel and clothing accessories | BR1: 85 Footwear | BS1: 87 Professional, scientific and controlling instruments and apparatus, nes | BT1: 88 Photographic apparatus, equipment and supplies and optical goods, nes; watches and clocks | BU1: 89 Miscellaneous manufactured articles, nes | BV1: 9 Commodities and transactions not classified elsewhere in the SITC | BW1: 93 Special transactions and commodities not classified according to kind | BX1: 95 Gold coin whether or not legal tender, and other coin being legal tender | BY1: 96 Coin (excl. gold coin) not being legal tender | BZ1: 97 Gold, non-monetary (excl. gold ores and concentrates) | CA1: 98 Combined confidential items excluding some of SITC 28099 (exports only) and some of SITC 51099 (imports only)
A2: Y1988 | B2: Import | C2: 1 | D2: 1 | E2: 1 | F2: 1 | G2: 1 | H2: 1 | I2: 1 | J2: 1 | K2: 1 | L2: 1 | M2: 1 | N2: 1 | O2: 1 | P2: 1 | Q2: 1 | R2: 1 | T2: 1 | U2: 1 | V2: 1 | W2: 1 | X2: 1 | Y2: 1 | Z2: 1 | AA2: 1 | AB2: 1 | AC2: 1 | AD2: 1 | AE2: 1 | AF2: 1 | AG2: 1 | AH2: 1 | AI2: 1 | AJ2: 1 | AK2: 1 | AL2: 1 | AM2: 1 | AN2: 1 | AO2: 1 | AP2: 1 | AQ2: 1 | AR2: 1 | AS2: 1 | AT2: 1 | AU2: 1 | AV2: 1 | AW2: 1 | AX2: 1 | AY2: 1 | AZ2: 1 | BA2: 1 | BB2: 1 | BC2: 1 | BD2: 1 | BE2: 1 | BF2: 1 | BG2: 1 | BH2: 1 | BI2: 1 | BJ2: 1 | BK2: 1 | BL2: 1 | BM2: 1 | BN2: 1 | BO2: 1 | BP2: 1 | BQ2: 1 | BR2: 1 | BS2: 1 | BT2: 1 | BU2: 1 | BV2: 1 | BW2: 1 | BX2: 1 | BY2: 1 | BZ2: 1 | CA2: 1
A3: Y1989 | B3: Import | C3: ='Import-dataset'!B41 / 'Import-dataset'!B40 -> 0.93709246 | D3: ='Import-dataset'!C41 / 'Import-dataset'!C40 -> 0.85801808 | E3: ='Import-dataset'!D41 / 'Import-dataset'!D40 -> 1.0500778 | F3: ='Import-dataset'!E41 / 'Import-dataset'!E40 -> 0.93340245 | G3: ='Import-dataset'!F41 / 'Import-dataset'!F40 -> 0.95050142 | H3: ='Import-dataset'!G41 / 'Import-dataset'!G40 -> 1.0906605 | I3: ='Import-dataset'!H41 / 'Import-dataset'!H40 -> 1.1723625 | J3: ='Import-dataset'!I41 / 'Import-dataset'!I40 -> 1.1588696 | ... AE3: ='Import-dataset'!AD41 / 'Import-dataset'!AD40 -> 0.893892 | AF3: 0 | AG3: ='Import-dataset'!AF41 / 'Import-dataset'!AF40 -> 1.0442237 | AH3: ='Import-dataset'!AG41 / 'Import-dataset'!AG40 -> 1.0007513 | AI3: ='Import-dataset'!AH41 / 'Import-dataset'!AH40 -> 0.91743559 | AJ3: ='Import-dataset'!AI41 / 'Import-dataset'!AI40 -> 0.85644449 | AK3: ='Import-dataset'!AJ41 / 'Import-dataset'!AJ40 -> 1.1436002 | AL3: ='Import-dataset'!AK41 / 'Import-dataset'!AK40 -> 1.0412931 | AM3: ='Import-dataset'!AL41 / 'Import-dataset'!AL40 -> 0.96146787 | AN3: ='Import-dataset'!AM41 / 'Import-dataset'!AM40 -> 1.0825079 | ... CA3: ='Import-dataset'!BZ41 / 'Import-dataset'!BZ40 -> 0.71573715
A4: Y1990 | B4: Import | C4: ='Import-dataset'!B42 / 'Import-dataset'!B41 -> 1.0304523 | D4: ='Import-dataset'!C42 / 'Import-dataset'!C41 -> 0.80760448 | E4: ='Import-dataset'!D42 / 'Import-dataset'!D41 -> 0.94064786 | F4: ='Import-dataset'!E42 / 'Import-dataset'!E41 -> 1.2073047 | G4: ='Import-dataset'!F42 / 'Import-dataset'!F41 -> 1.000981 | H4: ='Import-dataset'!G42 / 'Import-dataset'!G41 -> 1.1836225 | I4: ='Import-dataset'!H42 / 'Import-dataset'!H41 -> 0.93550419 | J4: ='Import-dataset'!I42 / 'Import-dataset'!I41 -> 1.2546542 | ... CA4: ='Import-dataset'!BZ42 / 'Import-dataset'!BZ41 -> 0.98769053
A5: Y1991 | B5: Import | C5: ='Import-dataset'!B43 / 'Import-dataset'!B42 -> 1.0483381 | D5: ='Import-dataset'!C43 / 'Import-dataset'!C42 -> 0.49011858 | E5: ='Import-dataset'!D43 / 'Import-dataset'!D42 -> 1.3664596 | F5: ='Import-dataset'!E43 / 'Import-dataset'!E42 -> 1.1062382 | G5: ='Import-dataset'!F43 / 'Import-dataset'!F42 -> 0.98927933 | H5: ='Import-dataset'!G43 / 'Import-dataset'!G42 -> 1.0228153 | I5: ='Import-dataset'!H43 / 'Import-dataset'!H42 -> 1.0674585 | J5: ='Import-dataset'!I43 / 'Import-dataset'!I42 -> 0.893799 | ... AE5: ='Import-dataset'!AD43 / 'Import-dataset'!AD42 -> 1.1150671 | AF5: 0 | AG5: ='Import-dataset'!AF43 / 'Import-dataset'!AF42 -> 1.0137345 | AH5: ='Import-dataset'!AG43 / 'Import-dataset'!AG42 -> 0.97422062 | AI5: ='Import-dataset'!AH43 / 'Import-dataset'!AH42 -> 1.0268009 | AJ5: ='Import-dataset'!AI43 / 'Import-dataset'!AI42 -> 1.0361327 | AK5: ='Import-dataset'!AJ43 / 'Import-dataset'!AJ42 -> 1.0089034 | AL5: ='Import-dataset'!AK43 / 'Import-dataset'!AK42 -> 1.0448178 | AM5: ='Import-dataset'!AL43 / 'Import-dataset'!AL42 -> 1.0122345 | AN5: ='Import-dataset'!AM43 / 'Import-dataset'!AM42 -> 1.0082734 | ... CA5: ='Import-dataset'!BZ43 / 'Import-dataset'!BZ42 -> 0.74215347
A6: Y1992 | B6: Import | C6: ='Import-dataset'!B44 / 'Import-dataset'!B43 -> 0.95879336 | D6: ='Import-dataset'!C44 / 'Import-dataset'!C43 -> 0.88814245 | E6: ='Import-dataset'!D44 / 'Import-dataset'!D43 -> 0.90996968 | F6: ='Import-dataset'!E44 / 'Import-dataset'!E43 -> 1.0666311 | G6: ='Import-dataset'!F44 / 'Import-dataset'!F43 -> 0.99511033 | H6: ='Import-dataset'!G44 / 'Import-dataset'!G43 -> 1.132061 | I6: ='Import-dataset'!H44 / 'Import-dataset'!H43 -> 1.0238304 | J6: ='Import-dataset'!I44 / 'Import-dataset'!I43 -> 1.1952818 | ... AE6: ='Import-dataset'!AD44 / 'Import-dataset'!AD43 -> 1.1330399 | AF6: 0 | AG6: ='Import-dataset'!AF44 / 'Import-dataset'!AF43 -> 0.99358504 | AH6: ='Import-dataset'!AG44 / 'Import-dataset'!AG43 -> 1.0935315 | AI6: ='Import-dataset'!AH44 / 'Import-dataset'!AH43 -> 1.0600826 | AJ6: ='Import-dataset'!AI44 / 'Import-dataset'!AI43 -> 1.0381787 | AK6: ='Import-dataset'!AJ44 / 'Import-dataset'!AJ43 -> 0.82296468 | AL6: ='Import-dataset'!AK44 / 'Import-dataset'!AK43 -> 1.0508515 | AM6: ='Import-dataset'!AL44 / 'Import-dataset'!AL43 -> 1.1486248 | AN6: ='Import-dataset'!AM44 / 'Import-dataset'!AM43 -> 1.0563642 | ... BX6: ='Import-dataset'!BW44 / 'Import-dataset'!BW43 -> 0.075593297 | BY6: 0 | BZ6: ='Import-dataset'!BY44 / 'Import-dataset'!BY43 -> 1.060052 | CA6: ='Import-dataset'!BZ44 / 'Import-dataset'!BZ43 -> 0.59011542
A7: Y1993 | B7: Import | C7: ='Import-dataset'!B45 / 'Import-dataset'!B44 -> 0.98991013 | D7: ='Import-dataset'!C45 / 'Import-dataset'!C44 -> 0.98995553 | E7: ='Import-dataset'!D45 / 'Import-dataset'!D44 -> 0.89857502 | F7: ='Import-dataset'!E45 / 'Import-dataset'!E44 -> 0.93995677 | G7: ='Import-dataset'!F45 / 'Import-dataset'!F44 -> 1.0008972 | H7: ='Import-dataset'!G45 / 'Import-dataset'!G44 -> 0.95344983 | I7: ='Import-dataset'!H45 / 'Import-dataset'!H44 -> 0.94776018 | J7: ='Import-dataset'!I45 / 'Import-dataset'!I44 -> 0.89857502 | ... Q7: ='Import-dataset'!P45 / 'Import-dataset'!P44 -> 0.96634106 | R7: 0 | S7: ='Import-dataset'!R45 / 'Import-dataset'!R44 -> 1.031585 | T7: ='Import-dataset'!S45 / 'Import-dataset'!S44 -> 1.0986509 | U7: ='Import-dataset'!T45 / 'Import-dataset'!T44 -> 1.1631014 | V7: ='Import-dataset'!U45 / 'Import-dataset'!U44 -> 0.84829588 | W7: ='Import-dataset'!V45 / 'Import-dataset'!V44 -> 0.99179694 | X7: ='Import-dataset'!W45 / 'Import-dataset'!W44 -> 0.83083303 | Y7: ='Import-dataset'!X45 / 'Import-dataset'!X44 -> 0.69307578 | Z7: ='Import-dataset'!Y45 / 'Import-dataset'!Y44 -> 1.072753 | ... AE7: ='Import-dataset'!AD45 / 'Import-dataset'!AD44 -> 1.0006971 | AF7: 0 | AG7: ='Import-dataset'!AF45 / 'Import-dataset'!AF44 -> 1.019943 | AH7: ='Import-dataset'!AG45 / 'Import-dataset'!AG44 -> 0.83950617 | AI7: ='Import-dataset'!AH45 / 'Import-dataset'!AH44 -> 0.97770179 | AJ7: ='Import-dataset'!AI45 / 'Import-dataset'!AI44 -> 1.0564679 | AK7: ='Import-dataset'!AJ45 / 'Import-dataset'!AJ44 -> 0.75642982 | AL7: ='Import-dataset'!AK45 / 'Import-dataset'!AK44 -> 0.99928339 | AM7: ='Import-dataset'!AL45 / 'Import-dataset'!AL44 -> 0.99399599 | AN7: ='Import-dataset'!AM45 / 'Import-dataset'!AM44 -> 1.0198847 | ... BX7: ='Import-dataset'!BW45 / 'Import-dataset'!BW44 -> 1.08213 | BY7: 0 | BZ7: ='Import-dataset'!BY45 / 'Import-dataset'!BY44 -> 0.98313076 | CA7: ='Import-dataset'!BZ45 / 'Import-dataset'!BZ44 -> 1.1149218
A8: Y1994 | B8: Import | C8: ='Import-dataset'!B46 / 'Import-dataset'!B45 -> 0.99086389 | D8: ='Import-dataset'!C46 / 'Import-dataset'!C45 -> 1.1524508 | E8: ='Import-dataset'!D46 / 'Import-dataset'!D45 -> 0.99594514 | F8: ='Import-dataset'!E46 / 'Import-dataset'!E45 -> 0.93643898 | G8: ='Import-dataset'!F46 / 'Import-dataset'!F45 -> 1.0004409 | H8: ='Import-dataset'!G46 / 'Import-dataset'!G45 -> 0.98468574 | I8: ='Import-dataset'!H46 / 'Import-dataset'!H45 -> 0.93034396 | J8: ='Import-dataset'!I46 / 'Import-dataset'!I45 -> 0.95014336 | ... AE8: ='Import-dataset'!AD46 / 'Import-dataset'!AD45 -> 0.97652193 | AF8: 0 | AG8: ='Import-dataset'!AF46 / 'Import-dataset'!AF45 -> 0.98032778 | AH8: ='Import-dataset'!AG46 / 'Import-dataset'!AG45 -> 1.1039866 | AI8: ='Import-dataset'!AH46 / 'Import-dataset'!AH45 -> 0.98535179 | AJ8: ='Import-dataset'!AI46 / 'Import-dataset'!AI45 -> 1.0640813 | AK8: ='Import-dataset'!AJ46 / 'Import-dataset'!AJ45 -> 0.73823123 | AL8: ='Import-dataset'!AK46 / 'Import-dataset'!AK45 -> 0.98550078 | AM8: ='Import-dataset'!AL46 / 'Import-dataset'!AL45 -> 1.0040842 | AN8: ='Import-dataset'!AM46 / 'Import-dataset'!AM45 -> 1.0360465 | ... BX8: ='Import-dataset'!BW46 / 'Import-dataset'!BW45 -> 1.2824074 | BY8: 0 | BZ8: ='Import-dataset'!BY46 / 'Import-dataset'!BY45 -> 0.98833592 | CA8: ='Import-dataset'!BZ46 / 'Import-dataset'!BZ45 -> 1.1692538
A9: Y1995 | B9: Import | C9: ='Import-dataset'!B47 / 'Import-dataset'!B46 -> 1.0030692 | D9: ='Import-dataset'!C47 / 'Import-dataset'!C46 -> 1.1468398 | E9: ='Import-dataset'!D47 / 'Import-dataset'!D46 -> 1.0641498 | F9: ='Import-dataset'!E47 / 'Import-dataset'!E46 -> 1.006996 | G9: ='Import-dataset'!F47 / 'Import-dataset'!F46 -> 0.90045103 | H9: ='Import-dataset'!G47 / 'Import-dataset'!G46 -> 1.2908527 | I9: ='Import-dataset'!H47 / 'Import-dataset'!H46 -> 0.99981399 | J9: ='Import-dataset'!I47 / 'Import-dataset'!I46 -> 1.0282609 | ... BX9: ='Import-dataset'!BW47 / 'Import-dataset'!BW46 -> 1.0434783 | BY9: 0 | BZ9: ='Import-dataset'!BY47 / 'Import-dataset'!BY46 -> 0.98678216 | CA9: ='Import-dataset'!BZ47 / 'Import-dataset'!BZ46 -> 1.14446
A10: Y1996 | B10: Import | C10: ='Import-dataset'!B48 / 'Import-dataset'!B47 -> 0.97927345 | D10: ='Import-dataset'!C48 / 'Import-dataset'!C47 -> 0.87565792 | E10: ='Import-dataset'!D48 / 'Import-dataset'!D47 -> 1.107823 | F10: ='Import-dataset'!E48 / 'Import-dataset'!E47 -> 1.0961673 | G10: ='Import-dataset'!F48 / 'Import-dataset'!F47 -> 1.0207202 | H10: ='Import-dataset'!G48 / 'Import-dataset'!G47 -> 0.7636247 | I10: ='Import-dataset'!H48 / 'Import-dataset'!H47 -> 1.047512 | J10: ='Import-dataset'!I48 / 'Import-dataset'!I47 -> 0.99744532 | ... BX10: ='Import-dataset'!BW48 / 'Import-dataset'!BW47 -> 9.9095745 | BY10: 0 | BZ10: ='Import-dataset'!BY48 / 'Import-dataset'!BY47 -> 0.96851442 | CA10: ='Import-dataset'!BZ48 / 'Import-dataset'!BZ47 -> 1.1010638
A11: Y1997 | B11: Import | C11: ='Import-dataset'!B49 / 'Import-dataset'!B48 -> 1.0272366 | D11: ='Import-dataset'!C49 / 'Import-dataset'!C48 -> 1.1935048 | E11: ='Import-dataset'!D49 / 'Import-dataset'!D48 -> 1.1274358 | F11: ='Import-dataset'!E49 / 'Import-dataset'!E48 -> 0.87860166 | G11: ='Import-dataset'!F49 / 'Import-dataset'!F48 -> 0.95434357 | H11: ='Import-dataset'!G49 / 'Import-dataset'!G48 -> 1.1312979 | I11: ='Import-dataset'!H49 / 'Import-dataset'!H48 -> 0.9042915 | J11: ='Import-dataset'!I49 / 'Import-dataset'!I48 -> 0.94657281 | ... Q11: ='Import-dataset'!P49 / 'Import-dataset'!P48 -> 0.96853859 | R11: 0 | S11: ='Import-dataset'!R49 / 'Import-dataset'!R48 -> 0.88313222 | T11: ='Import-dataset'!S49 / 'Import-dataset'!S48 -> 0.87612323 | U11: ='Import-dataset'!T49 / 'Import-dataset'!T48 -> 1.0700703 | V11: ='Import-dataset'!U49 / 'Import-dataset'!U48 -> 0.77637997 | W11: ='Import-dataset'!V49 / 'Import-dataset'!V48 -> 0.87108898 | X11: ='Import-dataset'!W49 / 'Import-dataset'!W48 -> 1.222354 | Y11: ='Import-dataset'!X49 / 'Import-dataset'!X48 -> 1.1293831 | Z11: ='Import-dataset'!Y49 / 'Import-dataset'!Y48 -> 1.0778086 | ... BX11: ='Import-dataset'!BW49 / 'Import-dataset'!BW48 -> 0.81917211 | BY11: 0 | BZ11: ='Import-dataset'!BY49 / 'Import-dataset'!BY48 -> 1.0140918 | CA11: ='Import-dataset'!BZ49 / 'Import-dataset'!BZ48 -> 0.90349865
A12: Y1998 | B12: Import | C12: ='Import-dataset'!B50 / 'Import-dataset'!B49 -> 0.99014405 | D12: ='Import-dataset'!C50 / 'Import-dataset'!C49 -> 0.87059787 | E12: ='Import-dataset'!D50 / 'Import-dataset'!D49 -> 0.74442427 | F12: ='Import-dataset'!E50 / 'Import-dataset'!E49 -> 1.0780979 | G12: ='Import-dataset'!F50 / 'Import-dataset'!F49 -> 1.0058096 | H12: ='Import-dataset'!G50 / 'Import-dataset'!G49 -> 0.98155642 | I12: ='Import-dataset'!H50 / 'Import-dataset'!H49 -> 0.98274268 | J12: ='Import-dataset'!I50 / 'Import-dataset'!I49 -> 1.0060242 | ... BX12: ='Import-dataset'!BW50 / 'Import-dataset'!BW49 -> 0.12110419 | BY12: 0 | BZ12: ='Import-dataset'!BY50 / 'Import-dataset'!BY49 -> 1.0865145 | CA12: ='Import-dataset'!BZ50 / 'Import-dataset'!BZ49 -> 0.53770258
A13: Y1999 | B13: Import | C13: ='Import-dataset'!B51 / 'Import-dataset'!B50 -> 0.99959211 | D13: ='Import-dataset'!C51 / 'Import-dataset'!C50 -> 0.99339365 | E13: ='Import-dataset'!D51 / 'Import-dataset'!D50 -> 1.5840419 | F13: ='Import-dataset'!E51 / 'Import-dataset'!E50 -> 1.0933149 | G13: ='Import-dataset'!F51 / 'Import-dataset'!F50 -> 1.0190665 | H13: ='Import-dataset'!G51 / 'Import-dataset'!G50 -> 1.0490237 | I13: ='Import-dataset'!H51 / 'Import-dataset'!H50 -> 1.0624837 | J13: ='Import-dataset'!I51 / 'Import-dataset'!I50 -> 0.97199748 | ... Q13: ='Import-dataset'!P51 / 'Import-dataset'!P50 -> 0.95326891 | R13: 0 | S13: ='Import-dataset'!R51 / 'Import-dataset'!R50 -> 1.0625 | T13: ='Import-dataset'!S51 / 'Import-dataset'!S50 -> 0.88135593 | U13: ='Import-dataset'!T51 / 'Import-dataset'!T50 -> 1.0125 | V13: ='Import-dataset'!U51 / 'Import-dataset'!U50 -> 1.1734104 | W13: ='Import-dataset'!V51 / 'Import-dataset'!V50 -> 1 | X13: ='Import-dataset'!W51 / 'Import-dataset'!W50 -> 0.82198953 | Y13: ='Import-dataset'!X51 / 'Import-dataset'!X50 -> 0.91 | Z13: ='Import-dataset'!Y51 / 'Import-dataset'!Y50 -> 1.0888031 | ... BX13: ='Import-dataset'!BW51 / 'Import-dataset'!BW50 -> 2.7194419 | BY13: 0 | BZ13: ='Import-dataset'!BY51 / 'Import-dataset'!BY50 -> 0.98163309 | CA13: ='Import-dataset'!BZ51 / 'Import-dataset'!BZ50 -> 1.1759749
A14: Y2000 | B14: Import | C14: ='Import-dataset'!B52 / 'Import-dataset'!B51 -> 0.92247029 | D14: ='Import-dataset'!C52 / 'Import-dataset'!C51 -> 0.7301852 | E14: ='Import-dataset'!D52 / 'Import-dataset'!D51 -> 1.555465 | F14: ='Import-dataset'!E52 / 'Import-dataset'!E51 -> 0.9512628 | G14: ='Import-dataset'!F52 / 'Import-dataset'!F51 -> 0.96995011 | H14: ='Import-dataset'!G52 / 'Import-dataset'!G51 -> 1.1008864 | I14: ='Import-dataset'!H52 / 'Import-dataset'!H51 -> 0.94349659 | J14: ='Import-dataset'!I52 / 'Import-dataset'!I51 -> 1.0474841 | ... Q14: ='Import-dataset'!P52 / 'Import-dataset'!P51 -> 1.0919583 | R14: 0 | S14: ='Import-dataset'!R52 / 'Import-dataset'!R51 -> 1.0637759 | T14: ='Import-dataset'!S52 / 'Import-dataset'!S51 -> 0.89427313 | U14: ='Import-dataset'!T52 / 'Import-dataset'!T51 -> 1.0893204 | V14: ='Import-dataset'!U52 / 'Import-dataset'!U51 -> 1.319628 | W14: ='Import-dataset'!V52 / 'Import-dataset'!V51 -> 0.83494086 | X14: ='Import-dataset'!W52 / 'Import-dataset'!W51 -> 0.89110868 | Y14: ='Import-dataset'!X52 / 'Import-dataset'!X51 -> 1.0176588 | Z14: ='Import-dataset'!Y52 / 'Import-dataset'!Y51 -> 0.76672117 | ... CA14: ='Import-dataset'!BZ52 / 'Import-dataset'!BZ51 -> 1.4028432
A15: Y2001 | B15: Import | C15: ='Import-dataset'!B53 / 'Import-dataset'!B52 -> 1.085505 | D15: ='Import-dataset'!C53 / 'Import-dataset'!C52 -> 0.64147237 | E15: ='Import-dataset'!D53 / 'Import-dataset'!D52 -> 0.98847072 | F15: ='Import-dataset'!E53 / 'Import-dataset'!E52 -> 1.0835148 | G15: ='Import-dataset'!F53 / 'Import-dataset'!F52 -> 1.0312734 | H15: ='Import-dataset'!G53 / 'Import-dataset'!G52 -> 0.92431554 | I15: ='Import-dataset'!H53 / 'Import-dataset'!H52 -> 0.98145577 | J15: ='Import-dataset'!I53 / 'Import-dataset'!I52 -> 0.99258736 | ... Q15: ='Import-dataset'!P53 / 'Import-dataset'!P52 -> 0.84791188 | R15: 0 | S15: ='Import-dataset'!R53 / 'Import-dataset'!R52 -> 0.52779388 | T15: ='Import-dataset'!S53 / 'Import-dataset'!S52 -> 1.3116179 | U15: ='Import-dataset'!T53 / 'Import-dataset'!T52 -> 0.76513297 | V15: ='Import-dataset'!U53 / 'Import-dataset'!U52 -> 0.85859615 | W15: ='Import-dataset'!V53 / 'Import-dataset'!V52 -> 1.1634214 | X15: ='Import-dataset'!W53 / 'Import-dataset'!W52 -> 1.3578112 | Y15: ='Import-dataset'!X53 / 'Import-dataset'!X52 -> 1.3373578 | Z15: ='Import-dataset'!Y53 / 'Import-dataset'!Y52 -> 1.1585246 | ... CA15: ='Import-dataset'!BZ53 / 'Import-dataset'!BZ52 -> 0.81202304
A16: Y2002 | B16: Import | C16: ='Import-dataset'!B54 / 'Import-dataset'!B53 -> 0.98680158 | D16: ='Import-dataset'!C54 / 'Import-dataset'!C53 -> 1.1682904 | E16: ='Import-dataset'!D54 / 'Import-dataset'!D53 -> 1.1696256 | F16: ='Import-dataset'!E54 / 'Import-dataset'!E53 -> 0.84344867 | G16: ='Import-dataset'!F54 / 'Import-dataset'!F53 -> 0.94805796 | H16: ='Import-dataset'!G54 / 'Import-dataset'!G53 -> 0.94400989 | I16: ='Import-dataset'!H54 / 'Import-dataset'!H53 -> 1.0177888 | J16: ='Import-dataset'!I54 / 'Import-dataset'!I53 -> 1.102574 | ... BX16: ='Import-dataset'!BW54 / 'Import-dataset'!BW53 -> 0.83671558 | BY16: 0 | BZ16: ='Import-dataset'!BY54 / 'Import-dataset'!BY53 -> 0.8537508 | CA16: ='Import-dataset'!BZ54 / 'Import-dataset'!BZ53 -> 3.4112834
A17: Y2003 | B17: Import | C17: ='Import-dataset'!B55 / 'Import-dataset'!B54 -> 1.0640574 | D17: ='Import-dataset'!C55 / 'Import-dataset'!C54 -> 0.89045469 | E17: ='Import-dataset'!D55 / 'Import-dataset'!D54 -> 0.98625369 | F17: ='Import-dataset'!E55 / 'Import-dataset'!E54 -> 0.9947544 | G17: ='Import-dataset'!F55 / 'Import-dataset'!F54 -> 0.95420223 | H17: ='Import-dataset'!G55 / 'Import-dataset'!G54 -> 1.2500669 | I17: ='Import-dataset'!H55 / 'Import-dataset'!H54 -> 1.0165039 | J17: ='Import-dataset'!I55 / 'Import-dataset'!I54 -> 1.173657 | ... BX17: ='Import-dataset'!BW55 / 'Import-dataset'!BW54 -> 0.24495258 | BY17: 0 | BZ17: ='Import-dataset'!BY55 / 'Import-dataset'!BY54 -> 1.135769 | CA17: ='Import-dataset'!BZ55 / 'Import-dataset'!BZ54 -> 0.48914326
A18: Y2004 | B18: Import | C18: ='Import-dataset'!B56 / 'Import-dataset'!B55 -> 0.93805682 | D18: ='Import-dataset'!C56 / 'Import-dataset'!C55 -> 0.78960812 | E18: ='Import-dataset'!D56 / 'Import-dataset'!D55 -> 1.1948421 | F18: ='Import-dataset'!E56 / 'Import-dataset'!E55 -> 1.0886646 | G18: ='Import-dataset'!F56 / 'Import-dataset'!F55 -> 0.95104953 | H18: ='Import-dataset'!G56 / 'Import-dataset'!G55 -> 0.91386741 | I18: ='Import-dataset'!H56 / 'Import-dataset'!H55 -> 1.0876395 | J18: ='Import-dataset'!I56 / 'Import-dataset'!I55 -> 0.88905687 | ... BX18: ='Import-dataset'!BW56 / 'Import-dataset'!BW55 -> 4.2266347 | BY18: 0 | BZ18: ='Import-dataset'!BY56 / 'Import-dataset'!BY55 -> 1.0169128 | CA18: ='Import-dataset'!BZ56 / 'Import-dataset'!BZ55 -> 0.75992897
A19: Y2005 | B19: Import | C19: ='Import-dataset'!B57 / 'Import-dataset'!B56 -> 0.99413346 | D19: ='Import-dataset'!C57 / 'Import-dataset'!C56 -> 1.3003953 | E19: ='Import-dataset'!D57 / 'Import-dataset'!D56 -> 1.1661327 | F19: ='Import-dataset'!E57 / 'Import-dataset'!E56 -> 1.0162122 | G19: ='Import-dataset'!F57 / 'Import-dataset'!F56 -> 0.97953686 | H19: ='Import-dataset'!G57 / 'Import-dataset'!G56 -> 1.0184868 | I19: ='Import-dataset'!H57 / 'Import-dataset'!H56 -> 0.96897922 | J19: ='Import-dataset'!I57 / 'Import-dataset'!I56 -> 0.95502249 | ... Q19: ='Import-dataset'!P57 / 'Import-dataset'!P56 -> 0.93647207 | R19: 0 | S19: ='Import-dataset'!R57 / 'Import-dataset'!R56 -> 1.0146965 | T19: ='Import-dataset'!S57 / 'Import-dataset'!S56 -> 1.0913175 | U19: ='Import-dataset'!T57 / 'Import-dataset'!T56 -> 0.93700731 | V19: ='Import-dataset'!U57 / 'Import-dataset'!U56 -> 0.95310792 | W19: ='Import-dataset'!V57 / 'Import-dataset'!V56 -> 0.89422263 | X19: ='Import-dataset'!W57 / 'Import-dataset'!W56 -> 0.97470759 | Y19: ='Import-dataset'!X57 / 'Import-dataset'!X56 -> 1.2707258 | Z19: ='Import-dataset'!Y57 / 'Import-dataset'!Y56 -> 0.96186335 | ... CA19: ='Import-dataset'!BZ57 / 'Import-dataset'!BZ56 -> 0.61447561
A20: Y2006 | B20: Import | C20: ='Import-dataset'!B58 / 'Import-dataset'!B57 -> 0.9785329 | D20: ='Import-dataset'!C58 / 'Import-dataset'!C57 -> 1.1917757 | E20: ='Import-dataset'!D58 / 'Import-dataset'!D57 -> 0.94811863 | F20: ='Import-dataset'!E58 / 'Import-dataset'!E57 -> 1.008921 | G20: ='Import-dataset'!F58 / 'Import-dataset'!F57 -> 1.0361675 | H20: ='Import-dataset'!G58 / 'Import-dataset'!G57 -> 1.0586225 | I20: ='Import-dataset'!H58 / 'Import-dataset'!H57 -> 0.99410811 | J20: ='Import-dataset'!I58 / 'Import-dataset'!I57 -> 0.92826274 | ... Q20: ='Import-dataset'!P58 / 'Import-dataset'!P57 -> 1.0031596 | R20: 0 | S20: ='Import-dataset'!R58 / 'Import-dataset'!R57 -> 0.82865133 | T20: ='Import-dataset'!S58 / 'Import-dataset'!S57 -> 1.078389 | U20: ='Import-dataset'!T58 / 'Import-dataset'!T57 -> 0.83272633 | V20: ='Import-dataset'!U58 / 'Import-dataset'!U57 -> 0.91487164 | W20: ='Import-dataset'!V58 / 'Import-dataset'!V57 -> 0.91824022 | X20: ='Import-dataset'!W58 / 'Import-dataset'!W57 -> 0.841878 | Y20: ='Import-dataset'!X58 / 'Import-dataset'!X57 -> 1.4846521 | Z20: ='Import-dataset'!Y58 / 'Import-dataset'!Y57 -> 0.98972738 | ... BX20: ='Import-dataset'!BW58 / 'Import-dataset'!BW57 -> 0.16494272 | BY20: 0 | BZ20: ='Import-dataset'!BY58 / 'Import-dataset'!BY57 -> 1.0245084 | CA20: ='Import-dataset'!BZ58 / 'Import-dataset'!BZ57 -> 0.58578922
A21: Y2007 | B21: Import | C21: ='Import-dataset'!B59 / 'Import-dataset'!B58 -> 1.0551469 | D21: ='Import-dataset'!C59 / 'Import-dataset'!C58 -> 0.77373611 | E21: ='Import-dataset'!D59 / 'Import-dataset'!D58 -> 1.1046407 | F21: ='Import-dataset'!E59 / 'Import-dataset'!E58 -> 0.97518105 | G21: ='Import-dataset'!F59 / 'Import-dataset'!F58 -> 0.90484393 | H21: ='Import-dataset'!G59 / 'Import-dataset'!G58 -> 1.0132341 | I21: ='Import-dataset'!H59 / 'Import-dataset'!H58 -> 1.0073858 | J21: ='Import-dataset'!I59 / 'Import-dataset'!I58 -> 1.0688868 | ... Q21: ='Import-dataset'!P59 / 'Import-dataset'!P58 -> 1.0461127 | R21: 0 | S21: ='Import-dataset'!R59 / 'Import-dataset'!R58 -> 1.0098179 | T21: ='Import-dataset'!S59 / 'Import-dataset'!S58 -> 0.80450508 | U21: ='Import-dataset'!T59 / 'Import-dataset'!T58 -> 1.047823 | V21: ='Import-dataset'!U59 / 'Import-dataset'!U58 -> 1.0459844 | W21: ='Import-dataset'!V59 / 'Import-dataset'!V58 -> 0.8479263 | X21: ='Import-dataset'!W59 / 'Import-dataset'!W58 -> 0.93795539 | Y21: ='Import-dataset'!X59 / 'Import-dataset'!X58 -> 1.1020759 | Z21: ='Import-dataset'!Y59 / 'Import-dataset'!Y58 -> 0.90831006 | ... BX21: ='Import-dataset'!BW59 / 'Import-dataset'!BW58 -> 2.7328267 | BY21: 0 | BZ21: ='Import-dataset'!BY59 / 'Import-dataset'!BY58 -> 0.96395339 | CA21: ='Import-dataset'!BZ59 / 'Import-dataset'!BZ58 -> 2.3084748
A22: Y2008 | B22: Import | C22: ='Import-dataset'!B60 / 'Import-dataset'!B59 -> 0.95740847 | D22: ='Import-dataset'!C60 / 'Import-dataset'!C59 -> 1.117265 | E22: ='Import-dataset'!D60 / 'Import-dataset'!D59 -> 0.89733171 | F22: ='Import-dataset'!E60 / 'Import-dataset'!E59 -> 1.2203595 | G22: ='Import-dataset'!F60 / 'Import-dataset'!F59 -> 0.9147704 | H22: ='Import-dataset'!G60 / 'Import-dataset'!G59 -> 1.1676432 | I22: ='Import-dataset'!H60 / 'Import-dataset'!H59 -> 1.0225553 | J22: ='Import-dataset'!I60 / 'Import-dataset'!I59 -> 0.91438893 | ... Q22: ='Import-dataset'!P60 / 'Import-dataset'!P59 -> 0.96694732 | R22: 0 | S22: ='Import-dataset'!R60 / 'Import-dataset'!R59 -> 0.70214892 | T22: ='Import-dataset'!S60 / 'Import-dataset'!S59 -> 1.1734861 | U22: ='Import-dataset'!T60 / 'Import-dataset'!T59 -> 0.88630367 | V22: ='Import-dataset'!U60 / 'Import-dataset'!U59 -> 0.97373003 | W22: ='Import-dataset'!V60 / 'Import-dataset'!V59 -> 0.85343118 | X22: ='Import-dataset'!W60 / 'Import-dataset'!W59 -> 2.6265996 | Y22: ='Import-dataset'!X60 / 'Import-dataset'!X59 -> 0.72250106 | Z22: ='Import-dataset'!Y60 / 'Import-dataset'!Y59 -> 0.97858324 | ... BX22: ='Import-dataset'!BW60 / 'Import-dataset'!BW59 -> 1.0800164 | BY22: 0 | BZ22: ='Import-dataset'!BY60 / 'Import-dataset'!BY59 -> 0.85768601 | CA22: ='Import-dataset'!BZ60 / 'Import-dataset'!BZ59 -> 3.1751953
A23: Y2009 | B23: Import | C23: ='Import-dataset'!B61 / 'Import-dataset'!B60 -> 1.1744002 | D23: ='Import-dataset'!C61 / 'Import-dataset'!C60 -> 0.69700887 | E23: ='Import-dataset'!D61 / 'Import-dataset'!D60 -> 1.1214041 | F23: ='Import-dataset'!E61 / 'Import-dataset'!E60 -> 0.76570457 | G23: ='Import-dataset'!F61 / 'Import-dataset'!F60 -> 1.0003041 | H23: ='Import-dataset'!G61 / 'Import-dataset'!G60 -> 1.0458836 | I23: ='Import-dataset'!H61 / 'Import-dataset'!H60 -> 0.93374711 | J23: ='Import-dataset'!I61 / 'Import-dataset'!I60 -> 1.1535283 | ... Q23: ='Import-dataset'!P61 / 'Import-dataset'!P60 -> 0.78419311 | R23: 0 | S23: ='Import-dataset'!R61 / 'Import-dataset'!R60 -> 1.2384168 | T23: ='Import-dataset'!S61 / 'Import-dataset'!S60 -> 0.81279247 | U23: ='Import-dataset'!T61 / 'Import-dataset'!T60 -> 1.2325801 | V23: ='Import-dataset'!U61 / 'Import-dataset'!U60 -> 0.80252464 | W23: ='Import-dataset'!V61 / 'Import-dataset'!V60 -> 1.4160411 | X23: ='Import-dataset'!W61 / 'Import-dataset'!W60 -> 0.40444382 | Y23: ='Import-dataset'!X61 / 'Import-dataset'!X60 -> 1.0972372 | Z23: ='Import-dataset'!Y61 / 'Import-dataset'!Y60 -> 1.4408262 | ... BX23: ='Import-dataset'!BW61 / 'Import-dataset'!BW60 -> 0.55092122 | BY23: 0 | BZ23: ='Import-dataset'!BY61 / 'Import-dataset'!BY60 -> 0.78095757 | CA23: ='Import-dataset'!BZ61 / 'Import-dataset'!BZ60 -> 1.890103
A24: Y2010 | B24: Import | C24: ='Import-dataset'!B62 / 'Import-dataset'!B61 -> 0.95378021 | D24: ='Import-dataset'!C62 / 'Import-dataset'!C61 -> 1.1276685 | E24: ='Import-dataset'!D62 / 'Import-dataset'!D61 -> 0.99907472 | F24: ='Import-dataset'!E62 / 'Import-dataset'!E61 -> 1.2350186 | G24: ='Import-dataset'!F62 / 'Import-dataset'!F61 -> 1.0022289 | H24: ='Import-dataset'!G62 / 'Import-dataset'!G61 -> 0.92351444 | I24: ='Import-dataset'!H62 / 'Import-dataset'!H61 -> 0.96558618 | J24: ='Import-dataset'!I62 / 'Import-dataset'!I61 -> 1.0726907 | ... Q24: ='Import-dataset'!P62 / 'Import-dataset'!P61 -> 1.1090168 | R24: 0 | S24: ='Import-dataset'!R62 / 'Import-dataset'!R61 -> 0.89359657 | T24: ='Import-dataset'!S62 / 'Import-dataset'!S61 -> 0.85256679 | U24: ='Import-dataset'!T62 / 'Import-dataset'!T61 -> 1.0165508 | V24: ='Import-dataset'!U62 / 'Import-dataset'!U61 -> 0.89245726 | W24: ='Import-dataset'!V62 / 'Import-dataset'!V61 -> 0.67243889 | X24: ='Import-dataset'!W62 / 'Import-dataset'!W61 -> 1.0991416 | Y24: ='Import-dataset'!X62 / 'Import-dataset'!X61 -> 1.3130858 | Z24: ='Import-dataset'!Y62 / 'Import-dataset'!Y61 -> 0.78550677 | ... BX24: ='Import-dataset'!BW62 / 'Import-dataset'!BW61 -> 3.631223 | BY24: 0 | BZ24: ='Import-dataset'!BY62 / 'Import-dataset'!BY61 -> 0.8561346 | CA24: ='Import-dataset'!BZ62 / 'Import-dataset'!BZ61 -> 1.2419189
A25: Y2011 | B25: Import | C25: ='Import-dataset'!B63 / 'Import-dataset'!B62 -> 0.99243607 | D25: ='Import-dataset'!C63 / 'Import-dataset'!C62 -> 0.91010526 | E25: ='Import-dataset'!D63 / 'Import-dataset'!D62 -> 0.89887786 | F25: ='Import-dataset'!E63 / 'Import-dataset'!E62 -> 0.9347027 | G25: ='Import-dataset'!F63 / 'Import-dataset'!F62 -> 0.95970655 | H25: ='Import-dataset'!G63 / 'Import-dataset'!G62 -> 0.97597529 | I25: ='Import-dataset'!H63 / 'Import-dataset'!H62 -> 1.1057947 | J25: ='Import-dataset'!I63 / 'Import-dataset'!I62 -> 1.1546328 | ... Q25: ='Import-dataset'!P63 / 'Import-dataset'!P62 -> 1.1016136 | R25: 0 | S25: ='Import-dataset'!R63 / 'Import-dataset'!R62 -> 0.74490562 | T25: ='Import-dataset'!S63 / 'Import-dataset'!S62 -> 0.98679752 | U25: ='Import-dataset'!T63 / 'Import-dataset'!T62 -> 0.82577723 | V25: ='Import-dataset'!U63 / 'Import-dataset'!U62 -> 0.81967182 | W25: ='Import-dataset'!V63 / 'Import-dataset'!V62 -> 0.88884873 | X25: ='Import-dataset'!W63 / 'Import-dataset'!W62 -> 1.2310424 | Y25: ='Import-dataset'!X63 / 'Import-dataset'!X62 -> 1.2301396 | Z25: ='Import-dataset'!Y63 / 'Import-dataset'!Y62 -> 0.92654646 | ... CA25: ='Import-dataset'!BZ63 / 'Import-dataset'!BZ62 -> 1.1034661
A26: Y2012 | B26: Import | C26: ='Import-dataset'!B64 / 'Import-dataset'!B63 -> 0.97345215 | D26: ='Import-dataset'!C64 / 'Import-dataset'!C63 -> 0.86823644 | E26: ='Import-dataset'!D64 / 'Import-dataset'!D63 -> 1.0807184 | F26: ='Import-dataset'!E64 / 'Import-dataset'!E63 -> 0.91195927 | G26: ='Import-dataset'!F64 / 'Import-dataset'!F63 -> 1.0457159 | H26: ='Import-dataset'!G64 / 'Import-dataset'!G63 -> 1.0176833 | I26: ='Import-dataset'!H64 / 'Import-dataset'!H63 -> 0.94386068 | J26: ='Import-dataset'!I64 / 'Import-dataset'!I63 -> 0.90765162 | ... Q26: ='Import-dataset'!P64 / 'Import-dataset'!P63 -> 0.85373319 | R26: 0 | S26: ='Import-dataset'!R64 / 'Import-dataset'!R63 -> 1.3855544 | T26: ='Import-dataset'!S64 / 'Import-dataset'!S63 -> 0.98167329 | U26: ='Import-dataset'!T64 / 'Import-dataset'!T63 -> 1.0588678 | V26: ='Import-dataset'!U64 / 'Import-dataset'!U63 -> 0.87070361 | W26: ='Import-dataset'!V64 / 'Import-dataset'!V63 -> 0.87718253 | X26: ='Import-dataset'!W64 / 'Import-dataset'!W63 -> 1.1942776 | Y26: ='Import-dataset'!X64 / 'Import-dataset'!X63 -> 0.81333268 | Z26: ='Import-dataset'!Y64 / 'Import-dataset'!Y63 -> 1.3186656 | ... CA26: ='Import-dataset'!BZ64 / 'Import-dataset'!BZ63 -> 0.91156564
A27: Y2013 | B27: Import | C27: ='Import-dataset'!B65 / 'Import-dataset'!B64 -> 1.1120727 | D27: ='Import-dataset'!C65 / 'Import-dataset'!C64 -> 0.87525242 | E27: ='Import-dataset'!D65 / 'Import-dataset'!D64 -> 0.91398376 | F27: ='Import-dataset'!E65 / 'Import-dataset'!E64 -> 1.0588764 | G27: ='Import-dataset'!F65 / 'Import-dataset'!F64 -> 1.0221219 | H27: ='Import-dataset'!G65 / 'Import-dataset'!G64 -> 1.0840619 | I27: ='Import-dataset'!H65 / 'Import-dataset'!H64 -> 0.97034636 | J27: ='Import-dataset'!I65 / 'Import-dataset'!I64 -> 0.96061817 | ... CA27: ='Import-dataset'!BZ65 / 'Import-dataset'!BZ64 -> 1.0389805
A28: Y2014 | B28: Import | C28: ='Import-dataset'!B66 / 'Import-dataset'!B65 -> 1.0883193 | D28: ='Import-dataset'!C66 / 'Import-dataset'!C65 -> 0.9754763 | E28: ='Import-dataset'!D66 / 'Import-dataset'!D65 -> 1.0158546 | F28: ='Import-dataset'!E66 / 'Import-dataset'!E65 -> 1.0551149 | G28: ='Import-dataset'!F66 / 'Import-dataset'!F65 -> 0.98591061 | H28: ='Import-dataset'!G66 / 'Import-dataset'!G65 -> 0.97146494 | I28: ='Import-dataset'!H66 / 'Import-dataset'!H65 -> 1.0206372 | J28: ='Import-dataset'!I66 / 'Import-dataset'!I65 -> 1.037939 | ... CA28: ='Import-dataset'!BZ66 / 'Import-dataset'!BZ65 -> 1.295026
A29: Y2015 | B29: Import | C29: ='Import-dataset'!B67 / 'Import-dataset'!B66 -> 1.0542079 | D29: ='Import-dataset'!C67 / 'Import-dataset'!C66 -> 0.82298676 | E29: ='Import-dataset'!D67 / 'Import-dataset'!D66 -> 1.000304 | F29: ='Import-dataset'!E67 / 'Import-dataset'!E66 -> 0.95692251 | G29: ='Import-dataset'!F67 / 'Import-dataset'!F66 -> 0.8813896 | H29: ='Import-dataset'!G67 / 'Import-dataset'!G66 -> 1.0089377 | I29: ='Import-dataset'!H67 / 'Import-dataset'!H66 -> 1.0070498 | J29: ='Import-dataset'!I67 / 'Import-dataset'!I66 -> 1.0257758 | ... CA29: ='Import-dataset'!BZ67 / 'Import-dataset'!BZ66 -> 0.96689822
